"","term","E","P","A","sd1","sd2","sd3"
"1","wholesaler",0.8926,1.1418,0.6341,1.4686,2.1056,1.7896
"2","watchman",1.3963,1.4397,-1.2677,1.2406,1.2387,2.7158
"3","windbag",-0.6042,-0.4358,0.9674,1.3182,1.9055,3.2765
"4","educator",2.5653,2.5872,0.5961,1.6701,2.1995,2.5633
"5","boss",0.8846,3.0751,1.3318,1.7018,1.2491,1.8803
"6","cousin",1.5157,0.2984,0.7036,1.7388,1.5512,1.552
"7","voter",1.8679,1.7016,0.1003,1.8355,3.1407,3.1349
"8","foreman",0.4982,1.0947,0.3858,0.8892,1.9768,1.7945
"9","parolee",-0.7161,-0.8448,0.1918,2.4065,3.2989,1.9719
"10","jock",0.0813,1.8685,2.1403,1.7228,1.2107,1.2038
"11","sweetheart",2.8449,1.6885,0.1692,0.9547,2.2138,2.0747
"12","jeweler",0.7875,0.4944,-0.6302,0.8614,1.7166,1.7665
"13","boor",-0.9644,-0.5056,-0.8419,2.2476,4.0899,3.2811
"14","handyman",1.7467,1.056,0.6537,1.1878,1.4866,2.1009
"15","dietitian",1.5167,0.7692,-0.1761,1.5303,1.499,1.8167
"16","file_clerk",0.5196,-1.0424,-1.1841,1.0338,1.8249,1.8501
"17","pedestrian",0.682,-0.5328,-0.3997,1.1306,2.76,2.2853
"18","gangster",-2.3131,1.1794,2.0725,1.7839,3.8966,1.7274
"19","fighter",0.7547,2.424,2.2607,2.6007,1.5071,1.0107
"20","sadist",-2.4753,0.9298,0.5567,1.6975,4.3216,3.9339
"21","shut_in",-1.0072,-2.1544,-2.4772,1.2248,1.6777,1.1388
"22","devil",-3.5977,1.9285,1.3,1.3088,7.0347,6.1925
"23","minor",0.1807,-1.3951,1.0764,0.6918,2.3184,2.4001
"24","myself_as_i_really_am",2.1317,1.1053,0.67,1.1972,2.2346,2.9679
"25","spoilsport",-1.9664,-0.164,1.038,1.4927,2.8254,3.5469
"26","housekeeper",1.4439,-0.8016,-0.521,1.6666,2.0478,2.2841
"27","psychotic",-1.735,-0.276,1.4107,1.5937,4.9991,3.7831
"28","engineer",1.7249,2.0033,0.4505,1.9001,1.7003,2.8082
"29","wallflower",0.1283,-1.5735,-2.2273,1.7297,1.9375,2.2821
"30","street_preacher",-0.3473,-0.5127,2.33,3.4655,3.5195,1.7779
"31","civil_servant",1.1265,-0.4231,-0.542,3.596,3.912,2.2674
"32","bystander",-0.0479,-0.5357,-1.3069,0.8888,2.8162,1.5281
"33","student",1.8102,0.4643,0.08,1.7319,3.9625,2.8856
"34","slut",-2.06,-0.927,1.6203,2.4626,4.1536,3.4672
"35","ward_of_the_state",-0.1608,-0.332,-0.0064,1.9369,5.1496,1.922
"36","laborer",0.939,-0.3525,0.4318,1.1287,2.9456,2.6326
"37","retiree",1.1918,-0.3768,-1.6413,1.672,2.3469,1.1814
"38","cpa",0.7206,1.3347,-0.4365,2.1857,1.9069,2.4257
"39","consumer",1.1697,1.4423,0.9926,2.0403,3.641,2.0056
"40","diplomat",1.1319,2.3203,0.9003,3.0397,1.6962,2.7028
"41","busybody",0.3326,0.5969,2.44,2.8632,2.9761,1.6251
"42","ex_boyfriend",-1.2173,-0.5878,0.4559,2.6536,4.729,3.0105
"43","pentecostal",0.4533,-0.1013,0.048,1.8862,2.2301,1.7819
"44","angel",3.3156,2.8261,-0.8746,1.8799,2.5548,5.34
"45","merchant",0.8069,0.3928,1.3255,1.2703,2.723,2.693
"46","carpenter",1.2414,0.6675,1.0098,1.5054,2.4421,2.6833
"47","foster_father",1.9466,1.6914,0.1769,2.0931,2.2906,2.3168
"48","construction_foreman",1.1203,1.4291,1.5253,1.8766,2.5448,2.3771
"49","airline_pilot",1.7559,2.5088,0.2969,1.6222,1.9767,3.5229
"50","non_smoker",2.2509,1.2698,-0.077,2.2216,2.8034,3.3361
"51","bookworm",1.5858,0.4115,-2.4071,2.2134,4.2841,1.6793
"52","gold_digger",-2.5817,-0.4997,0.7044,1.7725,5.2405,4.9925
"53","coach",2.0085,2.6197,2.3549,1.5536,1.4924,1.6194
"54","typist",0.6796,-0.5106,0.8816,0.9359,1.8592,3.8062
"55","hypocrite",-2.6878,-1.2495,1.1027,1.6898,4.0632,3.8379
"56","victim",-0.1752,-2.5955,-1.5069,3.8962,1.7911,2.498
"57","host",2.1993,1.739,1.5532,1.6284,1.5344,2.0116
"58","call_girl",-1.1753,-0.6334,1.0699,2.5666,4.1747,2.4395
"59","baby",2.5238,-2.59,1.5859,3.261,2.6959,5.0194
"60","cripple",-0.054,-1.9473,-1.8642,2.0529,1.9484,1.7345
"61","lady",1.8772,1.1014,0.2745,1.9343,4.4105,3.8332
"62","worker",1.6321,0.4279,0.6955,1.3948,2.8408,2.4548
"63","australian",1.1039,0.2751,0.6393,2.0985,1.185,1.923
"64","web_developer",1.3685,1.298,-0.9953,1.5732,2.4156,2.3397
"65","interviewer",0.6265,1.8248,0.8213,1.1878,1.9451,2.8295
"66","critic",-0.4641,1.5872,1.3773,1.5518,1.9515,1.9029
"67","runaway",-0.7221,-0.4476,0.3845,2.7612,4.5128,4.9124
"68","priest",2.041,2.2902,-0.8888,2.9536,2.1378,3.412
"69","assailant",-2.2521,1.575,0.925,2.9235,2.556,3.6112
"70","sheriff",1.0766,2.5252,1.0924,2.655,1.8183,3.4212
"71","chef",1.9207,1.4692,1.8163,1.5676,2.4108,2.257
"72","street_musician",1.3749,-0.5664,1.7997,1.627,2.9259,1.5276
"73","musician",1.8783,1.3559,1.72,1.8327,3.2362,2.4381
"74","unwed_parent",-0.2037,0.1342,0.1888,2.1877,2.6718,1.9282
"75","cabinet_member",0.561,1.8471,0.4902,2.0607,3.4922,3.7123
"76","grown_up",1.0112,2.0095,0.0786,2.0047,1.7035,3.0749
"77","womanizer",-1.9268,0.8321,1.7193,3.4404,3.3892,2.2682
"78","bridesmaid",2.145,0.4143,1.1325,1.6068,2.1439,2.5458
"79","optical_engineer",1.6638,1.4304,-0.3388,1.3726,1.4118,1.4966
"80","customs_officer",0.2674,1.3537,-0.0296,1.9673,1.3608,2.1457
"81","accountant",1.0887,1.256,-0.4051,1.2981,2.2553,4.0021
"82","cosmetologist",1.4123,0.3669,0.5319,1.3602,2.3412,2.7754
"83","bisexual",-0.2066,-0.2738,0.3636,3.7629,1.7175,1.7173
"84","dairy_farmer",1.5178,0.3895,-0.6764,1.4927,2.7454,1.999
"85","colleague",1.5675,1.0171,0.3943,1.0356,1.0535,1.187
"86","waitress",1.3564,-0.2664,1.3386,1.3194,2.4436,1.3381
"87","marine_corps_enlistee",2.0904,1.5061,1.2079,1.8222,3.032,1.7638
"88","agnostic",0.0264,-0.264,0.0592,2.0307,1.6188,1.5719
"89","mugger",-3.5753,1.2288,1.1193,0.7151,4.5904,4.1094
"90","pagan",-0.6119,-0.4072,-0.1136,1.8587,1.523,1.1803
"91","maniac",-1.9925,0.5493,1.6346,1.6235,3.5461,4.2381
"92","dental_hygienist",1.7107,0.9082,0.3172,1.8837,1.871,1.9593
"93","suspect",-0.8893,-0.8629,-0.3186,1.6309,2.3048,1.6438
"94","half_brother",0.9455,0.4135,0.432,2.3028,1.6456,1.437
"95","bulldozer_operator",0.4117,1.132,1.5116,1.0678,2.4422,3.0745
"96","goon",-1.5238,-0.3423,1.0523,1.7428,3.1798,2.1522
"97","atheist",-0.5172,-0.5247,-0.0268,3.635,3.7876,2.3475
"98","waiter",1.2891,-0.204,1.3124,1.1774,2.3699,1.1497
"99","navy_officer",2.1,2.6768,1.025,2.7762,1.4562,2.397
"100","auditor",-0.0816,1.4364,-0.6664,1.8362,1.5554,1.8607
"101","relation",1.9975,1.8422,0.4204,1.4659,1.6323,2.3837
"102","nurse",2.8589,1.8939,0.6471,1.9009,2.4155,3.5578
"103","hooker",-1.5354,-1.7565,0.6096,3.7426,2.9891,4.2917
"104","barber",1.3268,0.2514,0.4514,1.0932,1.9552,1.8726
"105","hairstylist",1.7307,0.5275,0.8032,1.4586,2.3233,2.1868
"106","spectator",0.5504,-0.6225,-0.1621,0.8201,2.3426,3.2449
"107","navy_enlistee",1.9847,1.2197,0.9967,2.0039,3.8158,2.115
"108","intern",1.5093,-1.38,0.0389,1.2838,3.0374,2.6184
"109","blind_date",0.5836,-0.0882,0.0082,1.289,1.4124,1.851
"110","best_friend",3.5761,3.1493,1.4786,0.5648,0.7716,3.5648
"111","minister",1.6872,2.0961,0.6868,2.639,1.2462,2.6426
"112","stockholder",0.6868,0.8915,0.5257,1.347,2.2293,2.5967
"113","arsonist",-3.3149,1.518,0.649,1.3795,4.6253,5.9777
"114","genius",2.1539,2.6207,-0.0565,1.7846,1.6431,3.4389
"115","loan_shark",-1.7245,1.8162,0.4898,2.5325,2.5034,4.6276
"116","auto_mechanic",1.3342,0.4816,0.7596,1.6183,2.5342,2.887
"117","librarian",1.9623,-0.4585,-2.1173,2.0315,2.3612,1.9628
"118","homeless_person",-0.6173,-2.4153,-1.1874,1.5395,2.0868,1.9228
"119","defense_attorney",0.8804,2.1735,1.4408,2.174,1.2603,1.8633
"120","louse",-1.25,-0.7446,0.2238,1.8186,2.2802,1.3201
"121","lout",-0.9291,-0.2773,-0.2618,2.4684,2.068,1.9403
"122","maiden",1.0354,-0.7908,-0.6875,1.9243,1.5807,1.0315
"123","nonconformist",0.8361,0.7516,0.7888,1.8725,1.9055,1.9908
"124","executive",0.9219,2.8262,1.4227,2.1599,1.2301,1.2628
"125","philanthropist",2.5106,1.8434,0.3664,1.8292,2.4406,2.1811
"126","ambassador",1.5292,2.3296,0.3289,1.3593,1.779,2.0361
"127","hick",-0.3086,-0.7425,0.6416,1.8832,2.4922,3.2238
"128","hindu",0.8192,0.1359,-0.6114,2.1563,0.5683,0.8109
"129","shrink",1.0035,1.0058,-0.8289,2.6586,2.6232,1.921
"130","tot",0.9746,-1.6395,1.3693,1.6407,1.8128,2.6847
"131","tomboy",0.5869,0.6893,0.8639,1.0006,0.9095,1.6578
"132","commentator",0.9796,0.9604,1.9389,1.0293,2.408,1.3874
"133","half_wit",-1.6353,-1.8349,-0.7906,1.4716,1.5087,3.0759
"134","newlywed",2.2546,1.4635,1.7208,2.0875,2.5298,1.7164
"135","wife_abuser",-4.0154,0.5304,1.6581,0.4159,9.8404,5.3199
"136","senator",0.0315,2.25,0.8208,2.3804,2.2554,2.5552
"137","prosecuting_attorney",0.1131,2.32,1.7046,1.8928,1.2845,2.1811
"138","locksmith",1.1612,0.75,-0.4331,1.0588,1.876,1.9326
"139","competitor",0.3485,1.8816,1.59,3.227,0.9382,1.6906
"140","topless_dancer",-0.8835,-0.4566,1.7888,3.9991,4.6417,1.7349
"141","fugitive",-1.7723,-0.8831,0.4,2.5507,3.6509,3.7133
"142","mormon",0.1073,-0.4196,-0.5281,1.0884,0.9642,1.1336
"143","son_in_law",1.2,0.3339,0.1084,1.3342,1.5254,0.8977
"144","menace",-2.5196,0.5092,1.7685,1.2563,3.2321,2.3721
"145","husband",2.2131,1.7616,0.3581,2.2226,1.7077,1.5383
"146","army_reservist",1.9463,1.4154,0.6292,2.3357,2.1697,2.4907
"147","asian",1.4261,0.4204,-0.2662,1.7988,1.3426,2.0167
"148","teetotaler",-0.321,-0.5638,0.1619,1.4932,1.379,2.3945
"149","stepbrother",0.3742,0.1808,0.5223,1.1403,0.6634,0.763
"150","skeptic",-0.0491,0.3193,0.0318,1.7015,2.1419,2.3991
"151","transportation_ticket_agent",0.3882,0.0451,0.298,1.2079,2.2675,2.2483
"152","truant",-0.73,-0.0838,0.3977,2.1437,1.7185,1.2239
"153","sucker",-1.4533,-1.8667,-0.5431,1.7202,1.8605,1.9563
"154","environmentalist",1.9546,0.796,0.9125,2.2612,2.9121,2.6749
"155","deputy",1.0291,1.9713,0.7673,1.9958,1.0806,1.4709
"156","coroner",0.5764,0.5218,-1.2689,1.7643,1.7641,1.4347
"157","garbage_collector",1.1786,-0.6607,0.4521,2.4671,3.1713,2.8051
"158","tenant",0.7819,-0.7054,-0.0019,1.2182,2.4907,1.3131
"159","instructor",1.8,1.9871,0.6911,1.3376,1.2061,1.8456
"160","freak",-0.5082,-0.3904,0.4229,1.984,2.9121,2.4354
"161","biologist",1.8561,1.5182,-0.1129,1.3834,1.2422,2.066
"162","chauffeur",1.4141,-0.3863,-0.7122,1.4445,1.8829,2.2262
"163","nutritionist",2.3107,1.125,0.3214,1.2369,2.4163,1.7439
"164","insurance_claims_investigator",-0.0011,1.1793,0.0589,1.6714,1.6781,1.7041
"165","myself_as_others_would_like_me_to_be",2.4371,1.1069,0.8811,3.4781,3.9068,1.8854
"166","adulterer",-2.9936,-0.1318,0.3582,1.4172,5.76,4.43
"167","sorehead",-1.8417,-0.6006,-0.0311,0.8275,2.9225,2.6362
"168","helper",2.8389,1.7746,0.5603,0.896,2.067,2.4071
"169","commissioned_officer",1.3326,2.0573,0.891,2.8594,1.4437,1.3499
"170","neighbor",1.4486,0.5164,0.1625,1.7005,1.3745,1.2839
"171","drug_addict",-2.4964,-2.4647,-0.0454,2.1448,4.5568,4.3776
"172","pal",2.8682,1.6418,0.7875,1.1665,1.3648,1.7743
"173","champion",2.2867,2.8563,1.9337,2.005,1.2258,2.1981
"174","bride",2.0139,1.8286,1.2907,2.1532,2.379,2.7244
"175","jackass",-2.5473,-0.5629,2.1153,1.549,4.2133,3.4185
"176","apprentice",1.5366,-0.4049,0.0464,0.9724,2.5675,1.7623
"177","auditor_general",-0.1241,1.5744,0.219,1.8313,1.7938,2.2164
"178","jerk",-2.6422,0.0084,1.8193,1.0118,4.0762,1.7026
"179","rabbi",2.0233,2.124,-0.6687,1.4255,1.3781,1.8349
"180","reservist",0.7119,-0.0486,-1.0005,1.2143,2.0109,1.4525
"181","prodigy",2.1102,2.4913,1.0389,1.8378,1.1143,2.8171
"182","flunky",-1.67,-1.6516,-0.4058,1.7934,1.7889,3.0111
"183","glutton",-1.8842,-0.5446,-0.0083,1.5397,4.3822,4.3976
"184","arab",0.4109,0.5502,0.2023,1.1158,1.0285,1.122
"185","drag_queen",0.1304,0.4193,2.1248,2.4338,2.3638,1.8629
"186","failure",-2.2604,-0.7325,-0.5514,1.8081,7.453,2.9579
"187","sheet_metal_worker",0.9469,0.1796,1.1931,1.3797,2.3019,1.981
"188","radio_and_television_announcer",0.7504,1.2811,2.5428,1.6235,3.0964,1.1437
"189","jew",1.2469,0.6807,0.2,1.9166,1.956,2.0975
"190","bodyguard",1.8371,2.8407,0.5,1.9565,1.1486,3.492
"191","technician",1.6529,1.0379,0.4061,1.0779,1.7083,2.1691
"192","child_molester",-4.172,0.1483,-0.9147,0.1503,10.0997,5.7404
"193","heterosexual",1.3307,0.9947,0.3923,2.2617,2.4124,1.6071
"194","unwed_father",-0.177,0.1267,-0.0087,2.2901,3.3687,2.4451
"195","mental_patient",-0.482,-1.5719,-0.1407,1.2152,2.6899,3.3253
"196","air_force_reservist",1.8551,1.4576,0.4804,2.0009,2.7259,2.4072
"197","flight_attendant",1.426,0.244,0.2227,1.7011,2.1141,3.2577
"198","boyfriend",1.983,1.7237,0.9173,2.4176,1.9538,2.2213
"199","bartender",1.1527,1.1653,2.2117,1.3366,2.3668,1.8115
"200","father",2.5693,2.8527,0.633,1.7845,1.514,3.4692
"201","delinquent",-2.256,-1.1413,1.413,1.4112,3.0655,3.0074
"202","chairman_of_the_board",0.9207,2.954,1.008,1.6391,0.9328,2.2963
"203","opponent",-0.2273,1.1807,1.1643,2.3469,1.4481,1.577
"204","boy_scout",1.732,0.455,0.9557,2.0809,2.0923,2.2045
"205","bricklayer",1.1182,0.4614,0.0292,1.5564,2.4819,2.8676
"206","idiot",-2.1727,-1.703,0.2687,1.916,2.3869,6.2712
"207","boarder",0.1639,-0.1819,-0.1126,1.1853,2.1047,1.8481
"208","commissioner",0.8751,1.7681,0.5874,1.1434,2.229,1.9935
"209","big_shot",-0.6231,1.2762,2.0821,2.0271,2.3963,2.0772
"210","employer",1.5,2.4678,0.6322,1.596,1.7457,2.4537
"211","golfer",0.6834,0.1907,-1.425,1.3092,1.9149,1.5742
"212","construction_contractor",1.1878,1.3976,1.3258,1.115,2.1274,1.911
"213","lunatic",-2.2479,-0.1652,1.9966,1.5575,4.1711,2.6076
"214","ship_engineer",1.4841,1.841,0.302,1.3486,2.1592,3.0572
"215","celebrity",0.2973,2.1673,2.055,1.3079,2.5974,2.0465
"216","online_merchant",0.7077,0.7333,0.335,1.7296,2.4437,1.831
"217","journalist",0.764,1.4817,1.007,2.2319,2.3283,2.9481
"218","mentor",3.1233,2.9673,0.1863,1.1096,1.4567,3.5986
"219","investigator",1.6173,2.0187,0.1883,1.8773,1.6127,3.4547
"220","nut",0.0291,-0.8284,0.2063,2.9128,2.608,4.2107
"221","simpleton",-0.5015,-1.4677,-1.4835,1.8659,2.4051,2.6538
"222","passenger",0.5673,-0.776,-0.086,1.3856,1.9034,1.7257
"223","boxer",0.5563,2.5153,2.541,2.148,1.1987,1.3256
"224","thief",-3.2093,0.147,-0.3307,1.1251,5.8824,5.4185
"225","fiend",-1.5098,0.6279,1.0038,3.7952,2.6982,2.6515
"226","undertaker",0.1781,0.7531,-0.6492,2.3548,2.2858,2.8557
"227","storyteller",2.103,1.612,0.3784,1.3114,2.9505,3.9512
"228","pediatrician",2.8898,2.4861,0.4312,1.7368,1.7662,4.5132
"229","informer",0.816,1.4316,0.436,2.9059,3.1187,3.5067
"230","beggar",-1.1545,-2.7052,-0.8359,2.1378,1.1991,4.3361
"231","survivor",2.7673,2.8007,0.6393,1.6833,2.7489,3.2665
"232","coward",-2.3065,-3.0128,-2.1224,2.6638,1.6713,2.8401
"233","racketeer",-0.9338,0.7769,1.5637,1.8993,2.3006,1.8952
"234","welfare_recipient",-0.5018,-1.8025,-0.7896,1.9491,1.7571,1.9999
"235","baker",1.8976,0.5783,0.0903,1.8952,1.632,3.0427
"236","decorator",1.6028,0.6469,1.0776,1.3626,2.2268,2.466
"237","tv_repairman",0.9952,0.0386,-0.3972,1.4264,1.561,2.5349
"238","army_general",1.7031,3.2197,2.0886,2.4852,1.3343,3.4042
"239","parking_attendant",0.3758,-0.2393,-0.4365,2.6359,2.5788,2.8564
"240","optimist",2.8917,2.5169,1.47,1.8348,2.0548,3.2649
"241","babysitter",2.0052,1.3379,0.6507,1.239,2.1215,2.6555
"242","bank_teller",1.1048,0.5162,-0.4455,2.0037,2.1621,2.8343
"243","miner",0.8814,-0.0354,0.4874,1.044,2.9715,2.0644
"244","labor_union_leader",0.5328,2.0366,1.9065,2.2919,1.8547,1.7788
"245","homosexual",0.513,0.0747,0.7467,3.7119,2.4447,2.0063
"246","doll",1.12,-1.5711,-2.2703,1.511,3.7442,2.3867
"247","landlady",0.1986,1.6589,0.6293,1.3065,1.1982,1.6857
"248","supporter",2.6238,2.2486,1.2086,1.3201,2.0949,3.0391
"249","mental_case",-1.2104,-0.4664,0.5996,1.6568,3.5537,3.5296
"250","madman",-2.2662,0.7955,2.2628,2.258,3.9544,2.2674
"251","customer",1.1745,1.37,0.5962,1.8481,2.3149,1.6287
"252","tax_preparer",0.5582,1.1909,-0.5961,2.2363,1.6317,3.2934
"253","trespasser",-2.2376,0.0748,-0.9535,1.7086,3.8489,3.411
"254","scatterbrain",-1.2782,-0.95,1.8293,1.8599,1.8737,2.6796
"255","restaurant_operator",1.4321,1.6662,1.8528,1.0199,2.1656,1.778
"256","orphan",0.1762,-1.6997,-1.1255,2.7859,2.6774,1.8487
"257","lover",2.7093,2.6852,0.6307,1.9816,1.8325,4.6339
"258","lackey",-0.3942,-1.2871,-0.469,2.5061,2.7564,2.5213
"259","granny",2.6907,0.5745,-1.7724,1.6872,3.5141,1.854
"260","deadbeat",-2.6904,-2.4374,-1.9089,2.0182,3.2495,3.8988
"261","businesswoman",1.8607,2.2317,1.7086,1.6134,1.422,1.7689
"262","public_relations_specialist",1.5236,1.8991,1.7536,1.7372,1.1519,2.4552
"263","girl",2.0841,1.4138,1.2359,2.4137,3.5537,2.5134
"264","burglar",-3.3383,0.8731,-0.4062,1.0599,4.108,6.1309
"265","reporter",0.5824,1.4355,2.2569,2.117,2.2883,1.7562
"266","nitwit",-1.6557,-1.6175,-0.2186,1.5358,1.4861,3.7334
"267","clerk",1.0054,-0.3696,-0.0864,1.2036,1.2679,1.9446
"268","invalid",-1.0166,-1.6762,-0.6804,1.5894,2.331,2.4365
"269","american",1.44,1.7919,1.7421,2.6652,2.1082,1.8591
"270","funeral_director",0.8579,0.645,-1.4418,1.9885,1.8439,1.7125
"271","actor",0.8639,1.3182,1.64,1.4001,2.5642,1.457
"272","crybaby",-2.4681,-2.0958,1.8965,1.2494,3.2245,3.5649
"273","blind_person",0.6554,-1.2933,-1.5491,2.1468,2.0592,1.8044
"274","assembly_line_worker",0.8463,-1.0204,0.7256,1.3432,2.2886,2.7449
"275","executioner",-1.8635,2.774,0.1344,2.9701,1.7735,4.6319
"276","shopkeeper",1.3193,0.2551,0.1579,1.1321,2.302,2.072
"277","motel_owner",0.3872,0.3272,0.0954,1.4857,1.8574,1.9124
"278","god",3.4004,3.6243,-0.3807,2.6895,2.8461,5.8699
"279","loner",-0.446,-0.8554,-2.0877,2.4008,2.703,1.4161
"280","clerical_worker",1.1063,-0.0392,-0.5435,1.4312,2.0083,1.4803
"281","farm_laborer",1.5457,0.1371,-0.2114,1.5685,3.2599,2.9784
"282","know_it_all",-1.501,0.3769,1.6976,1.8879,2.6485,2.3277
"283","psychoanalyst",0.9436,1.1404,-0.3916,1.1523,1.4442,2.3018
"284","intruder",-2.9709,0.7545,0.0609,0.8386,2.7561,4.6429
"285","chief_operations_officer",0.9422,2.5396,1.1067,1.506,1.4763,1.929
"286","addict",-2.4502,-2.2551,0.0933,2.0749,4.2551,5.3461
"287","insurance_agent",0.6505,0.6789,0.1757,1.5027,1.4768,1.3361
"288","judge",1.199,2.5169,-0.1533,1.5936,3.117,2.456
"289","stepfather",0.1807,0.6975,0.1646,1.5992,2.4634,1.0249
"290","fundraiser",2.7193,2.3485,1.4155,1.418,1.379,3.2097
"291","henchman",-1.9005,-0.207,0.4433,1.9791,4.6356,3.0927
"292","beautician",1.3367,0.0833,1.1284,1.9723,3.185,2.1347
"293","alumnus",1.6311,1.4516,0.2831,1.9225,1.0343,1.1548
"294","pessimist",-1.9049,-0.8024,-0.9158,2.686,4.3655,3.5466
"295","scientist",2.0446,1.9088,-0.3382,1.3809,1.9938,3.7684
"296","leader",2.3804,3.1197,1.2986,1.559,1.8651,2.8931
"297","sleuth",-0.6084,0.76,-1.1871,3.0533,3.2478,3.6249
"298","deadbeat_dad",-3.3479,-0.9,-0.9879,0.9145,7.4198,6.5259
"299","electrician",1.2424,0.4786,-0.1604,1.029,2.1217,1.702
"300","citizen",1.4446,0.9965,0.5312,1.6464,2.2017,1.2216
"301","chambermaid",0.3659,-1.4379,-0.7367,2.4127,2.7987,2.3422
"302","ceo",0.9853,3.2976,1.534,3.0631,1.5393,3.1267
"303","foster_son",0.9477,-0.4102,-0.0705,1.9315,2.4776,1.7879
"304","education_administrator",1.3696,2.1307,0.61,1.5848,1.808,2.5565
"305","chaplain",2.0686,1.7123,-0.2964,1.9569,1.1044,2.5803
"306","architect",1.5351,1.8,-0.4313,1.2411,1.8034,2.5405
"307","receptionist",1.2932,-0.2664,0.1128,1.6293,1.4954,3.1496
"308","governor",0.6708,2.1711,0.5769,1.0835,1.4229,3.0056
"309","paranoid",-1.2192,-1.4258,0.435,1.1327,2.3631,3.5575
"310","republican",0.1704,0.8269,0.4531,1.9829,1.5692,2.2556
"311","part_time_employee",0.88,-0.7427,0.0646,1.1855,1.8843,1.529
"312","stranger",-0.1447,-0.1831,-0.1953,1.0072,1.0349,1.1226
"313","physician",2.4325,2.3747,-0.1758,1.8092,1.584,2.7322
"314","electrical_linesman",0.9822,0.5178,0.2724,1.2296,2.0795,1.867
"315","fundamentalist",-0.2532,0.6637,0.48,2.8377,2.2364,2.8179
"316","outlaw",-1.7565,0.6638,0.9115,2.3805,3.0595,3.7171
"317","fast_food_server",0.6898,-1.0668,0.9649,1.305,2.4688,2.4121
"318","textile_worker",0.7314,-0.8537,0.3067,0.8743,1.354,1.749
"319","pornographer",-1.25,0.595,1.0488,3.3318,3.5301,3.05
"320","bus_driver",1.3038,0.1147,0.1181,1.3867,2.7064,1.9279
"321","umpire",1.0104,2.018,1.5608,1.4104,1.5143,1.4769
"322","outsider",0.0042,-1.0166,-0.7431,1.2824,1.8289,2.1741
"323","welder",0.9,0.5147,0.8767,1.0985,2.0319,2.4724
"324","soul_mate",3.2034,2.8419,0.6355,1.8039,2.6199,4.3989
"325","probationer",-0.119,0.7631,0.3174,1.2062,2.9906,1.3751
"326","casual_laborer",0.7743,-0.4567,-0.0657,1.292,1.8326,2.1466
"327","weakling",-1.4069,-2.7815,-1.9712,2.0731,1.4137,1.9198
"328","innocent",1.8173,-0.6719,-1.0635,1.8169,1.7939,1.6469
"329","puritan",0.2318,-0.211,-0.7608,1.9591,1.6446,2.8339
"330","hothead",-1.9096,-0.4808,2.7335,1.0343,2.5875,1.5272
"331","censor",-0.8808,1.6536,-0.2276,2.854,1.5185,2.0551
"332","magician",1.1023,0.6853,1.8155,1.6737,1.5603,1.8066
"333","supervisor",0.7355,2.103,0.7698,1.2191,1.1565,1.6073
"334","gamer",0.351,-0.1706,0.6879,1.4749,1.9204,3.4121
"335","midget",0.3858,-0.6381,0.0877,1.5121,1.6788,1.1859
"336","crook",-2.7858,-0.365,0.2615,1.6554,3.8056,4.0442
"337","editor",1.0953,1.6212,0.1455,1.2586,1.8701,4.0576
"338","university_student",1.7038,0.7608,1.4691,1.5179,3.0289,1.8074
"339","malingerer",-1.5944,0.0734,-0.6111,0.9834,2.2258,1.9409
"340","sissy",-1.33,-1.9161,-0.8558,1.6393,1.9972,4.1298
"341","gay",0.7316,0.03,0.7846,2.3744,2.0117,1.5946
"342","heel",0.3413,0.4735,0.2405,1.3026,1.1814,1.5866
"343","juvenile",-0.2381,-1.0672,1.3049,1.8594,2.6014,2.5498
"344","stepson",0.4972,-0.1404,0.4824,1.1443,1.1252,0.6981
"345","black_woman",1.3571,1.4574,1.8844,3.0737,3.0723,1.8726
"346","moron",-2.1506,-2.104,0.0276,2.046,1.8014,6.2553
"347","union_member",0.7389,0.7419,1.126,1.4689,2.5037,1.8064
"348","lecturer",1.2756,1.7633,0.3891,2.2168,2.5084,3.3129
"349","snot",-2.1023,-0.9569,0.7477,1.2359,3.1363,3.3448
"350","political_scientist",0.8918,0.8452,0.2719,1.6999,2.4296,2.8782
"351","busboy",0.8453,-1.0608,0.6049,1.6312,2.0453,2.647
"352","snoop",-1.9535,0.0785,-1.3262,2.069,3.0985,3.9411
"353","daredevil",0.5353,1.6935,3.1684,2.3384,2.0843,1.2448
"354","tailor",1.1762,0.0815,-0.4692,1.1733,1.4782,2.5702
"355","chairwoman",1.447,2.3452,0.9341,1.6811,1.2452,2.1663
"356","boy",1.0266,0.8927,1.7378,2.0568,3.2095,2.3193
"357","kidnapper",-3.8331,1.1873,-0.0393,0.4124,7.1122,6.3484
"358","father_(my)",2.3353,2.4094,0.0633,3.658,2.6632,4.0064
"359","landscaper",1.1749,0.0604,0.3316,1.044,2.5646,3.6168
"360","chairman",0.6189,2.4557,0.6291,1.9822,1.1605,3.4966
"361","psychiatrist",1.7722,1.7685,-1.1652,1.9971,2.0216,2.7341
"362","stockbroker",0.3489,1.8444,1.5078,1.595,2.0192,3.1224
"363","liberal",0.773,0.8063,1.3637,2.5503,1.8211,2.0764
"364","fan",1.7313,0.8935,2.1633,1.6548,2.108,2.3589
"365","philosopher",1.4756,0.8957,-1.072,1.7031,4.2177,3.1831
"366","true_love",3.3451,3.2677,0.6513,2.137,2.0172,5.7312
"367","auctioneer",0.7825,1.0455,3.0364,1.1704,1.7421,1.8929
"368","gas_station_attendant",0.724,-1.0695,-0.4109,1.1892,1.3991,2.675
"369","onlooker",-0.0724,-0.8197,-1.2102,1.2971,2.8171,2.4192
"370","parent",2.5571,3.1215,0.9142,2.6168,1.2292,3.1989
"371","bookie",-0.4862,0.99,-0.1624,2.5247,2.8382,3.5302
"372","has_been",-0.9291,-1.9796,-0.7283,1.6159,1.752,2.7147
"373","safecracker",-1.276,0.84,-0.2189,2.3446,3.6368,5.5575
"374","captive",-1.1355,-2.6611,-0.8698,2.7482,3.5498,4.9947
"375","newcomer",0.7894,-1.0116,-0.8727,1.1184,2.1179,1.5928
"376","oddball",0.2185,-0.4837,-0.0244,2.4775,2.8953,3.9829
"377","cutthroat",-2.046,1.3985,0.9317,1.9978,4.3413,4.1664
"378","bully",-3.3178,0.7393,1.9869,1.4439,7.8939,2.9191
"379","brother",1.8513,1.7091,1.56,2.0465,2.1328,2.1926
"380","austrian",0.6527,0.2611,0.4358,1.0804,1.0149,0.6547
"381","sister",1.9044,1.2455,1.3749,2.558,2.8554,2.57
"382","nobody",-0.5444,-2.7826,-2.3124,1.9598,1.8532,2.3896
"383","trainee",0.8527,-1.4091,-0.5357,1.214,2.1317,2.5985
"384","policewoman",1.1551,1.8607,1.512,2.5747,2.1114,1.3357
"385","guest",1.4321,0.1914,0.2259,1.1176,2.0361,1.4393
"386","sophisticate",1.688,2.0724,0.188,2.0436,1.5586,3.2777
"387","security_guard",1.2924,1.3504,-0.1155,1.8972,2.8034,2.5654
"388","ex_girlfriend",-1.0704,0.2186,0.7104,1.3922,2.6745,2.5636
"389","truck_driver",0.4498,0.2484,0.2067,1.3784,2.5834,3.4095
"390","daughter",1.6903,0.9221,1.2559,3.2538,3.4727,2.0508
"391","gambler",-1.1317,-1.0793,1.6097,1.3874,3.5564,2.1751
"392","grandfather",2.7496,1.6424,-0.869,1.5354,2.7174,3.8873
"393","chemical_engineer",1.6886,1.861,-0.4283,1.9361,1.6859,2.6311
"394","sports_fan",1.0772,-0.0176,3.1248,1.9523,3.6121,1.0782
"395","cement_worker",0.7441,0.0804,0.8259,1.479,2.9576,2.8142
"396","rival",-0.919,1.5231,1.449,2.228,1.7176,1.7057
"397","slave_driver",-3.4193,1.9051,1.8946,1.6899,6.4947,4.5926
"398","broad",-0.2898,-0.3462,0.9827,2.5733,2.9192,2.8253
"399","referee",0.5455,2.0035,1.4128,2.1672,2.0198,2.4472
"400","customer_systems_analyst",0.9015,0.2952,-0.6289,1.9353,2.8589,3.3179
"401","brat",-2.8876,-0.0824,2.6586,1.1211,4.5185,2.0773
"402","board_director",1.04,2.6783,1.1828,1.8385,1.3772,2.7749
"403","loser",-1.8521,-2.4986,-1.4431,1.4387,1.8281,3.7564
"404","researcher",1.8304,1.669,-0.6238,1.5089,2.0305,3.1475
"405","gentleman",3.17,2.1686,-0.1993,1.1753,1.7006,3.3232
"406","logger",0.7725,1.0721,0.657,1.4118,3.0982,1.9479
"407","scapegoat",-1.3843,-1.565,-1.0693,2.8927,5.8471,3.9326
"408","library_assistant",1.5628,-0.4534,-1.998,2.1456,2.9304,1.586
"409","hippie",0.6523,-0.7821,-0.3881,2.1265,3.1243,3.9477
"410","job_seeker",1.4307,-0.4893,0.4696,2.5578,3.257,3.1836
"411","fisherman",1.4055,0.2417,-0.8672,1.5774,3.4701,3.6954
"412","taxi_driver",0.7555,-0.4986,1.7038,1.38,2.8208,2.2544
"413","hostess",1.8141,0.0548,0.9845,1.4488,3.2533,1.5257
"414","evildoer",-3.4635,1.88,0.8895,0.7238,3.6216,4.5405
"415","broadcast_news_analyst",0.6145,1.3172,1.4665,1.2305,2.0257,2.3067
"416","chairperson",1.0269,2.5214,0.8279,1.4961,1.1961,2.1601
"417","state_trooper",0.1996,2.3507,0.9624,3.2872,1.7353,2.5824
"418","roofer",0.7952,0.1667,0.8141,2.1418,2.3997,2.9061
"419","prostitute",-1.4418,-1.2669,0.9865,2.9151,5.6533,4.0904
"420","stepdaughter",0.8314,0.0597,0.4661,1.2448,1.8346,1.6336
"421","marine_corps_reservist",1.6504,1.6815,0.5363,2.3668,2.3932,2.9039
"422","foster_child",1.2207,-0.5935,-0.076,1.916,3.1299,1.6262
"423","vandal",-2.1996,-0.2493,0.6529,0.9459,2.859,2.9893
"424","immigration_officer",0.0603,1.6818,0.8618,2.187,2.1249,2.6479
"425","dimwit",-1.5118,-2.1196,-1.2357,1.7977,1.4406,3.9152
"426","assistant",1.5847,-0.2618,0.1207,1.1678,2.2124,2.4879
"427","grandparent",2.7261,1.8118,-1.2189,1.8337,2.4012,2.1659
"428","whore",-1.848,-1.532,1.3,1.7908,3.8479,3.2017
"429","artist",1.6704,0.7557,-0.3829,1.3427,3.0165,3.2491
"430","shoplifter",-2.5111,-0.7178,-0.3718,1.5672,3.4816,5.3977
"431","sibling",2.2607,1.4346,1.5282,1.4436,2.4078,1.9982
"432","communist",-1.407,0.5767,0.4244,2.6665,4.199,3.7019
"433","virgin",1.7415,1.076,-0.8375,2.3031,3.2846,1.8835
"434","subordinate",0.157,-1.4838,-0.8792,1.7391,2.0278,2.1936
"435","tutor",2.3996,1.6514,-0.3282,0.6723,1.128,2.6416
"436","bandit",-2.1989,0.9153,1.312,0.9928,2.1319,3.3575
"437","battered_woman",-2.1989,-1.9907,-1.6882,2.5152,3.6614,2.7643
"438","intellectual",2.0847,2.5232,0.1086,1.712,1.441,4.1072
"439","disciplinarian",0.1096,2.2141,0.9933,2.3672,1.4457,1.9235
"440","mother",3.1025,2.7079,0.8207,1.5473,2.0681,3.9778
"441","electrical_engineer",1.7896,1.6618,0.3035,1.174,0.9209,2.6243
"442","abortionist",-1.0811,1.1582,-0.1255,4.4184,4.9614,3.5864
"443","preacher",1.5732,2.2229,0.8654,3.7426,1.4797,3.4098
"444","black_professional",1.5557,1.4339,0.7289,2.0206,2.218,2.382
"445","adopted_son",1.7214,0.3454,0.2586,1.7329,2.1456,1.8617
"446","defendant",0.1547,-0.4668,-0.0971,1.2829,2.9737,2.6113
"447","choreographer",1.3132,1.1318,2.1203,1.222,1.6636,2.3282
"448","retailer",0.5114,0.8397,1.1239,1.5858,1.4111,1.7272
"449","policeman",0.9611,2.3425,1.3804,2.3785,1.089,1.9604
"450","granddaughter",2.0364,0.2664,1.1861,1.9468,3.0571,2.1558
"451","bachelor",0.685,0.7414,1.4086,0.9063,1.3809,1.5033
"452","grandson",2.1061,0.3718,1.6511,2.0539,2.8823,2.1851
"453","mourner",-0.2279,-1.7211,-1.6236,2.12,2.615,3.1183
"454","dope",-1.3412,-1.4252,-1.1244,2.2058,3.1085,3.6703
"455","geologist",1.3039,0.3293,-1.1311,1.4475,1.8306,2.0089
"456","bookkeeper",1.3564,-0.2768,-1.7096,1.245,1.7064,1.7236
"457","advertising_copy_writer",0.5756,0.342,0.7433,0.9777,2.3086,1.8877
"458","statistician",1.0333,0.4815,-0.753,1.0267,2.8099,2.7601
"459","hillbilly",-0.6846,-1.3443,0.3164,2.103,2.52,5.3103
"460","imam",0.3947,1.4042,-0.019,2.0144,2.4204,1.5076
"461","adulteress",-2.3828,0.3318,0.9255,2.2386,2.9006,2.7018
"462","fool",-1.5168,-1.7761,0.6961,1.8281,1.8409,3.8369
"463","patrolman",1.0282,1.1964,0.3689,1.7611,2.2655,2.1456
"464","professional",1.7272,2.3175,0.2271,1.9302,0.8051,2.0579
"465","villain",-3.1496,1.9593,1.3811,1.2735,3.2226,3.5483
"466","spy",0.1407,1.855,-1.1071,1.8778,1.7385,5.9427
"467","rancher",0.9116,0.3345,-0.1375,1.0195,1.9106,3.1001
"468","con_artist",-2.5154,1.4186,0.8607,2.0365,3.3558,4.7083
"469","teenager",0.1975,-0.6579,2.0079,1.698,2.2492,1.5736
"470","navy_reservist",1.9,1.4448,0.4728,0.9941,1.7594,2.4522
"471","rapist",-3.9507,1.6885,1.2011,1.4495,7.2219,5.1184
"472","railroad_engineer",1.0386,0.9964,0.9354,1.6441,2.0487,2.3429
"473","systems_engineer",1.3627,1.2747,-0.0634,1.3148,1.7874,2.1084
"474","applicant",1.1311,-0.7818,0.0789,1.2879,2.3705,1.1413
"475","interrogator",-0.2114,2.2757,1.3239,1.5345,1.3436,2.126
"476","divorcee_(gender_neutral)",-1.1064,0.0261,0.1729,2.6974,3.4344,1.8227
"477","niece",1.9146,-0.4271,0.7693,1.6815,2.4528,2.2531
"478","housewife",1.6705,0.0484,-0.0342,1.4233,3.799,2.4792
"479","shrimp",0.9779,-2.4372,-1.1664,2.5714,1.5615,3.3366
"480","woman",1.6704,1.0264,0.5782,1.9063,2.467,1.9051
"481","born_again_christian",1.4468,0.9702,0.7762,3.598,3.5452,2.9933
"482","man",1.1857,1.7496,0.6754,1.5004,1.4069,1.5051
"483","divorce_lawyer",-0.4464,1.9368,1.0425,2.1756,1.2981,2.9236
"484","immigrant",0.7,-0.7825,-0.0532,1.8564,2.1307,1.4169
"485","ringleader",0.2731,2.7087,1.7538,1.9654,1.0414,2.7106
"486","dentist",1.544,1.3251,0.156,2.0769,1.6508,2.7337
"487","traveler",1.7346,0.6436,0.8336,1.5983,2.1871,2.7095
"488","astrologer",0.8833,0.2885,-0.4485,1.9576,1.7651,1.7804
"489","german",0.5643,0.7964,0.7269,1.4994,1.0672,1.7685
"490","asian_man",0.8254,0.2472,-0.3661,1.4866,1.1972,1.8617
"491","culprit",-2.1491,-0.1556,0.7542,1.3826,3.2173,2.8206
"492","playboy",-0.9228,0.4504,2.0476,2.9027,3.8442,1.4352
"493","buffoon",-1.6187,-1.3136,0.7166,2.5824,2.9676,5.1398
"494","myself_as_i_would_like_to_be",3.1596,2.4294,0.8883,1.3118,1.7083,2.4011
"495","maid",1.5423,-1.0325,-0.7747,1.0681,1.3916,2.2788
"496","firefighter",3.2389,2.9585,2.277,0.7702,1.1809,1.6009
"497","spook",-1.1596,0.2804,1.0182,1.7008,3.1912,3.3937
"498","backstabber",-3.6864,0.9328,-0.0132,0.502,6.1752,5.7626
"499","conformist",-1.065,-2.0054,-0.9054,2.5906,2.5664,3.627
"500","neurotic",-1.1614,-0.4553,1.4433,1.7171,2.9614,1.7614
"501","hairdresser",1.5736,-0.0174,1.1147,0.7832,2.2903,1.8021
"502","chatterbox",-0.4189,0.265,2.9581,2.3564,1.5791,1.2824
"503","clown",-0.1762,-1.1547,2.0272,2.8256,2.0862,3.0858
"504","loafer",-0.9576,-1.3434,-1.7,1.4846,1.7621,2.1477
"505","brunette",1.346,0.7611,0.417,2.3779,1.8576,1.3494
"506","dropout",-1.9785,-2.2989,-1.0094,1.7612,1.9783,2.6772
"507","pharmacist",2.0834,1.3521,-0.2585,1.6225,2.6133,2.5237
"508","chain_smoker",-2.4019,-1.6958,-0.6488,2.2951,2.2041,4.3572
"509","ex_convict",-1.1257,-0.9698,0.3351,1.6346,3.2513,2.0214
"510","spouse",2.9192,1.9687,0.4593,1.2052,1.4603,1.8892
"511","farmer",2.1641,0.4208,-0.5098,1.1096,2.2989,2.526
"512","pawnbroker",-0.3404,0.4698,0.964,1.1428,1.3558,1.4956
"513","shrew",-1.1583,-1.3656,-0.0395,2.2873,2.726,4.1533
"514","daughter_in_law",1.3325,0.2426,0.1343,1.6224,1.2186,1.136
"515","mastermind",0.723,2.8683,0.7906,2.461,2.2902,4.4081
"516","novice",-0.1868,-1.5582,-0.8332,1.3999,1.8947,2.0632
"517","breadwinner",2.1943,2.2788,0.8992,2.0223,2.0009,1.6948
"518","missionary",2.2332,1.3932,0.1264,2.4319,3.1881,2.9482
"519","mail_carrier",2.0325,-0.0796,-0.1921,1.2928,2.2598,2.8144
"520","hero",3.6807,3.4826,1.4573,0.614,0.7963,3.2176
"521","brother_in_law",1.0668,0.257,0.4362,1.1421,0.7233,0.8872
"522","little_sister",1.9566,-0.4694,1.5743,1.6061,3.1981,2.0236
"523","lawyer",0.883,2.6457,1.7788,1.7447,1.6764,2.2022
"524","child",1.9721,-1.1668,1.9887,1.5108,2.187,2.6166
"525","cop",0.9649,2.6581,1.0453,2.9705,1.1949,3.4599
"526","blockhead",-1.6259,-1.2644,-0.839,1.5316,2.7994,3.3559
"527","brute",-2.0298,1.7921,1.5098,2.1746,2.1939,3.7662
"528","unwanted_child",-1.9084,-1.914,-0.6248,2.6698,4.1549,4.5094
"529","extrovert",1.2898,1.62,2.6412,1.7647,1.6769,1.9743
"530","conservative",0.4773,0.5465,-0.2465,2.9857,2.1226,3.0365
"531","sidekick",1.6747,-0.0223,0.3143,1.5673,2.9668,2.4233
"532","prude",-1.2162,-0.5275,-0.603,3.2683,3.4322,4.8268
"533","in_law",0.4353,0.9567,1.1916,2.663,2.4722,1.8412
"534","smart_aleck",-1.2337,-0.1758,2.2245,2.3205,2.3941,1.2034
"535","bill_collector",-1.1514,1.6214,0.8307,1.9356,1.5962,2.9861
"536","athlete",1.7993,2.5474,2.4235,1.8306,1.098,2.0396
"537","little_brother",1.7682,-0.4279,1.9675,2.5834,3.8884,2.7362
"538","adolescent",0.673,-0.8624,2.1225,2.4454,2.9567,1.486
"539","client",1.3975,1.3032,0.9282,1.5242,2.4688,1.9768
"540","bum",-1.8796,-2.5106,-1.5793,2.336,2.2828,4.2541
"541","grandchild",2.4829,-0.5475,2.2182,1.5326,4.5996,1.6922
"542","chap",1.1243,0.0752,0.4478,1.4008,1.5139,1.9165
"543","crane_operator",0.9033,1.2956,0.0516,1.1359,1.8381,2.5402
"544","machine_repairer",1.4032,1.0972,0.6723,1.2747,1.2831,2.5478
"545","doctor",2.7207,2.953,0.2312,1.5953,1.3983,4.9929
"546","construction_laborer",1.2047,0.69,1.5857,1.0699,2.3363,1.3103
"547","superior",0.6951,2.6656,1.0954,1.8824,1.4212,2.3335
"548","photographer",1.5688,1.0474,-0.7365,1.4998,2.0124,4.0378
"549","freeloader",-2.3218,-1.9879,-0.5439,1.9102,2.038,4.3669
"550","drug_dealer",-2.2723,1.5719,-0.7179,1.9055,2.34,5.4913
"551","blogger",0.4228,0.4102,1.0162,1.4929,3.1663,3.9299
"552","dummy",-1.4075,-2.2486,-1.5332,2.392,2.086,3.6256
"553","private_eye",0.4039,1.473,-1.347,2.0594,2.2497,3.0772
"554","telephone_installer",0.9639,-0.2063,-0.1056,1.5715,1.501,1.8236
"555","evangelist",0.8653,1.2071,1.1867,3.1628,2.5217,3.6689
"556","pothead",-0.7918,-1.5271,-1.7807,3.2417,2.8129,4.4245
"557","braggart",-1.7297,-0.754,1.8751,1.7359,2.1603,2.8235
"558","counselor",2.5937,1.613,-0.8642,1.3556,2.4937,3.5722
"559","manager_of_branch_store",1.1989,1.3875,1.2129,1.9823,2.1514,2.029
"560","landlord",0.1256,2.086,0.62,2.5352,1.1087,2.7602
"561","felon",-2.6807,-0.2575,0.8793,1.393,4.2024,2.9129
"562","coal_miner",0.7782,0.0054,0.4714,1.8566,3.0172,3.1318
"563","quack",-1.2344,-1.1732,1.3144,1.9981,1.7511,2.8807
"564","bigamist",-1.9074,-0.0626,0.9716,2.3449,3.0881,2.6052
"565","marine",2.5711,2.8272,1.0971,1.8145,1.8616,4.2165
"566","lobbyist",-0.0287,1.5513,1.6862,2.4232,2.2813,3.0658
"567","wife",2.6932,2.2857,1.1207,1.535,2.2207,3.1548
"568","myself_as_others_see_me",2.2353,1.1668,0.4171,1.3797,1.3606,3.5044
"569","geek",1.501,0.5614,-1.0888,1.9122,4.3984,2.8533
"570","building_contractor",1.1128,1.4098,0.9754,1.2888,1.154,2.0778
"571","beginner",0.3017,-1.4153,-0.8683,1.8358,2.1045,2.3319
"572","dental_assistant",1.3078,-0.0908,0.0159,2.3548,1.5321,2.4257
"573","protestant",1.0532,0.601,0.4796,1.8405,1.8103,1.6536
"574","visitor",1.228,-0.1043,0.0137,1.5476,1.8545,1.1338
"575","person",0.9525,0.841,0.3751,1.815,2.2027,1.4705
"576","tease",-1.5193,0.559,0.758,1.608,2.5167,2.5097
"577","feminist",0.7026,0.9351,1.7082,2.3459,1.9044,1.888
"578","redneck",-0.8849,-0.3751,1.8869,3.1227,2.5673,3.403
"579","stenographer",0.5846,-0.1692,-0.2177,0.7415,0.9344,1.9004
"580","skilled_worker",2.46,2.1443,0.6754,1.5965,1.7062,3.5026
"581","speech_language_pathologist",1.7894,1.1396,-0.3257,1.7654,2.3523,2.2255
"582","alcoholic",-2.4426,-1.801,1.3007,1.7816,3.6567,4.5387
"583","maverick",0.7367,1.2457,1.4548,2.3666,2.1253,1.9519
"584","acquaintance",1.1237,-0.0543,-0.2173,1.2872,1.5685,1.4484
"585","mafioso",-0.8745,1.3242,0.2903,1.9209,1.7614,1.6429
"586","unwed_mother",-0.0367,0.3287,0.393,1.5976,3.1959,1.1498
"587","punk",-1.3846,-1.0849,1.2049,1.8941,2.5935,2.9776
"588","follower",-0.0764,-1.2495,-1.0505,2.3186,2.3529,1.508
"589","temporary_worker",0.438,-1.3927,-0.3377,1.4008,1.447,1.5361
"590","minority",1.0099,-0.7332,0.1492,1.9787,2.9942,2.1144
"591","do_nothing",-1.9627,-2.588,-2.2747,1.5999,2.1624,2.421
"592","attorney_general",0.8977,2.688,0.9807,1.8662,1.237,2.0295
"593","lesbian",0.5695,0.1264,0.4617,2.5583,1.4449,1.1845
"594","aunt",2.0437,0.6784,0.678,1.8651,1.8101,2.2426
"595","turk",0.29,0.1156,0.0608,0.7497,0.6637,0.3612
"596","church_deacon",1.4424,1.4288,-0.1281,2.6989,2.173,3.1734
"597","connoisseur",1.3547,0.9669,-0.042,1.4617,1.6008,1.5149
"598","pusher",-1.3233,1.3084,1.4063,2.0836,2.1096,2.1323
"599","inspector",0.5495,1.5793,-0.7069,1.9569,1.4793,2.6109
"600","guy",0.8269,1.3544,1.1525,1.3014,1.5892,1.1461
"601","buddhist",1.3271,0.6648,-1.879,2.0407,2.0023,1.6082
"602","music_director",1.5046,1.3315,1.379,1.237,1.5624,1.5204
"603","socialist",-0.2548,0.3635,0.5728,3.2674,3.0725,2.3266
"604","grandmother",2.7307,0.8347,-1.0583,1.5711,3.6614,3.7384
"605","anti_semite",-2.8253,-0.4351,1.4893,2.7606,4.5937,2.5474
"606","christian",1.6239,1.5043,0.7341,3.3055,2.3487,2.1925
"607","clergy",0.9389,1.4157,-0.6407,2.3546,1.8373,2.453
"608","fanatic",-0.2908,0.5039,2.5446,2.664,1.6258,1.4462
"609","tourist",0.5141,-0.9096,1.3022,2.5362,2.5,3.1602
"610","friend",3.4415,2.5967,1.0956,0.7395,2.4718,2.5392
"611","criminal",-2.6019,-0.2841,0.6048,1.9759,5.0287,3.5994
"612","hipster",-0.0218,-0.5089,-0.3189,2.173,2.3812,2.5996
"613","assassin",-2.6241,2.6778,-0.4185,3.9524,1.7232,9.4889
"614","craftsman",1.6933,0.9259,-0.1763,1.3627,1.6406,3.9128
"615","film_star",0.4119,1.78,1.7437,1.4962,2.0025,1.2831
"616","railroad_conductor",1.0785,1.1419,1.1126,1.2916,0.8924,1.9979
"617","employee",1.1607,-0.4111,0.3056,1.0858,1.8982,1.3065
"618","mechanical_engineer",1.6633,1.7115,-0.0445,1.1576,1.0562,2.7789
"619","taxpayer",1.2293,-0.18,-0.057,2.6835,3.8794,2.0054
"620","machine_operator_in_a_factory",0.9166,0.3272,1.1196,1.3178,3.1245,2.4612
"621","stepparent",-0.1075,-0.0047,0.0118,2.161,3.2972,1.2467
"622","city_councilor",0.5746,1.9493,0.8377,1.4359,1.3033,2.4932
"623","army_officer",1.493,2.4441,1.7111,2.0378,1.351,1.9578
"624","soldier",2.1078,2.0178,1.547,2.58,2.3383,2.4772
"625","dolt",-1.0907,-1.46,-0.5187,0.8872,1.1486,2.5396
"626","dishwasher",1.7989,0.0985,1.4815,2.9399,2.7723,2.1085
"627","businessman",0.7056,1.8392,1.2334,1.5011,1.6382,2.0583
"628","patriot",1.8468,1.7128,1.6532,2.2963,2.2496,2.2874
"629","slob",-2.49,-1.1693,-1.1504,1.1757,4.3084,4.9302
"630","author",1.3774,1.827,-1.2052,1.2069,1.3737,1.7929
"631","army_chaplain",2.0619,1.4447,0.4795,2.0191,2.8303,3.1235
"632","pest",-2.3933,-0.0411,1.5922,1.1627,3.9752,2.4706
"633","accomplice",-0.1922,0.2552,0.0526,3.1826,2.7015,2.2873
"634","killjoy",-2.2384,0.6882,-0.2992,1.5791,2.8884,4.5447
"635","infant",2.2526,-2.3267,1.0911,2.0964,3.6488,4.6536
"636","legislator",-0.0536,2.286,0.2875,2.1814,1.5724,3.457
"637","pickpocket",-2.9341,0.4359,0.22,1.3171,3.6774,6.2749
"638","politician",-0.8952,2.2889,1.493,2.0268,2.3043,3.3269
"639","medic",2.8262,2.6627,2.0096,1.7629,1.0886,2.5001
"640","diner",1.4185,-0.2162,1.6508,1.6066,1.7328,2.5055
"641","hispanic_man",0.5955,-0.197,0.4872,1.8162,1.1915,1.5758
"642","ticket_taker",0.3241,-0.6485,0.0689,1.1491,1.5758,3.509
"643","laid_off_worker",-1.4204,-2.1356,-1.0522,1.8978,1.3676,2.7082
"644","cashier",0.6215,-0.7659,0.4352,1.3749,1.4229,2.0795
"645","bellhop",1.2212,-0.9544,0.9912,1.6505,1.8156,2.5623
"646","clod",-1.176,-0.48,-0.3368,1.8417,1.999,3.9322
"647","terrorist",-3.7779,2.3466,1.3497,0.5171,3.3813,4.8451
"648","juror",0.9669,2.4624,-1.2221,2.263,1.7721,2.5884
"649","computer_programmer",1.5938,1.5421,-0.0297,1.306,2.1486,2.558
"650","dunce",-1.6868,-2.1444,-0.9648,2.2463,2.1801,4.2879
"651","elementary_school_teacher",2.7241,1.7207,0.9265,1.6085,4.5796,3.4025
"652","bigot",-2.6867,-0.4831,1.4627,3.1534,4.686,3.9576
"653","christian_missionary",1.7703,1.6914,0.5735,5.0169,4.4684,3.6103
"654","smoker",-1.7848,-1.1403,-0.5452,2.4984,2.4638,3.2854
"655","convict",-2.179,-1.0249,0.3642,1.4002,2.9555,2.8033
"656","secretary",1.6345,-0.2417,-0.2627,1.5032,2.8334,3.5873
"657","miser",-1.5756,-0.6576,-1.1234,2.0611,4.2992,2.932
"658","social_worker",2.1303,1.2831,-0.049,1.7726,3.3057,3.6187
"659","police_officer",0.9893,2.5414,1.5355,3.8593,1.8663,2.3211
"660","imbecile",-2.4898,-1.9464,-0.009,1.329,2.4511,4.4853
"661","chaperone",0.9291,1.3256,-0.1228,2.3052,1.1931,2.3797
"662","entrepreneur",1.6235,1.9931,2.1307,2.0529,1.7407,1.9589
"663","muslim",0.7145,0.2579,-0.1183,1.7111,1.5102,1.3602
"664","stripper",-1.1646,-1.154,1.207,3.7402,2.6723,3.0655
"665","graduate_student",1.9876,1.1086,0.13,1.4679,2.9053,2.2671
"666","housebreaker",-2.8396,0.9658,0.964,2.0782,3.4454,4.6785
"667","white_collar_worker",1.1664,1.4404,0.4758,1.8919,2.83,3.1973
"668","writer",1.6517,2.1297,-1.1469,1.9751,2.1163,2.7394
"669","steel_worker",0.8741,0.4944,1.0284,1.2624,2.8856,2.9664
"670","newscaster",0.8017,1.6341,2.2445,1.9369,2.349,1.2086
"671","widower",-0.3295,-0.9951,-1.5074,1.5322,2.0909,1.3563
"672","speeder",-1.3083,0.7352,2.8248,1.7463,2.0884,1.7595
"673","comedian",1.8517,1.1569,2.9662,2.0638,2.4753,0.937
"674","computer_support_specialist",1.4466,0.7631,0.0652,2.4039,2.4752,3.1231
"675","psychologist",1.539,1.3428,-0.8548,1.4832,2.7783,2.6755
"676","best_man",2.539,1.44,0.5855,0.9606,1.6616,2.3415
"677","manager",1.201,2.6565,1.2966,1.2848,0.9055,2.3398
"678","disabled_person",0.3072,-1.0014,-1.3014,1.7993,3.1866,1.6932
"679","underdog",1.2241,-0.6631,-0.1793,2.308,3.7681,4.1623
"680","foster_parent",2.2655,1.87,0.4745,1.9655,3.2136,2.2475
"681","poser",-2.0937,-1.7958,0.4379,1.2978,2.0999,3.0713
"682","scoundrel",-2.603,-0.4774,1.6804,1.2011,2.7859,2.0304
"683","prosecutor",0.1768,2.7504,1.5582,2.2128,0.767,1.8688
"684","stepchild",0.1897,-0.2448,0.23,1.1964,1.4584,0.9787
"685","president",1.2137,3.0711,1.113,3.5544,2.3256,3.3701
"686","fire_investigator",1.8679,1.6668,0.4838,1.5415,1.1273,2.9714
"687","academic",2.267,2.3074,-0.1648,2.0392,2.749,3.4149
"688","offender",-2.3933,0.5622,1.2659,1.639,4.054,1.9742
"689","shyster",-0.7342,-1.08,-1.0736,2.51,2.4486,4.4337
"690","sinner",-1.7192,-0.537,0.6841,2.9422,4.612,2.5989
"691","informant",0.3851,1.4416,-0.1231,2.0848,2.8165,2.8863
"692","vagrant",-1.3544,-1.4625,-0.2887,1.5725,1.828,2.5399
"693","forest_ranger",1.9758,1.0088,-0.14,1.542,1.2419,2.5071
"694","accounting_clerk",0.9351,0.4464,-0.9838,1.5169,2.4214,1.8795
"695","autistic_person",0.6351,-0.9332,-0.2034,2.1086,2.4201,2.6691
"696","servant",0.6585,-1.8463,-1.0952,2.529,2.0196,1.9296
"697","banker",0.9891,1.2453,-0.5845,1.2833,1.9084,2.4347
"698","custodian",1.4355,-0.8468,-0.9438,1.6546,2.3303,1.694
"699","law_student",1.5511,1.6978,0.213,1.5202,1.6624,4.0146
"700","girlfriend",2.1567,1.3485,1.0782,1.9055,2.1111,1.7636
"701","janitor",1.3985,-0.9855,-0.9848,1.1956,1.8723,1.3965
"702","illegitimate_child",-0.7169,-0.8428,-0.1086,1.634,1.9245,1.498
"703","sewing_machine_operator",1.0639,-0.6285,-0.1715,1.0973,2.0848,3.8647
"704","anesthetist",1.5161,1.9483,-1.0366,2.0801,2.0375,2.5357
"705","schizophrenic",-0.9604,-1.1488,1.4222,1.6177,2.662,2.4521
"706","computer_security_specialist",1.4661,1.4162,-0.6008,1.3645,2.3111,1.6569
"707","mayor",1.0467,2.0367,0.9363,2.0223,1.5055,2.5237
"708","sister_in_law",0.914,0.1981,0.3438,1.2313,1.1605,1.3507
"709","butcher",0.5977,0.8011,0.6687,2.284,2.1408,2.462
"710","witness",1.3611,1.7367,-0.0767,1.7734,2.4864,1.8585
"711","black",0.8492,0.7408,1.1319,2.5177,1.8217,2.4245
"712","patient",0.64,-1.4715,-1.2767,1.1513,1.1129,2.0014
"713","eyewitness",1.4841,1.863,-0.047,1.25,1.9095,2.051
"714","rat",-1.8985,-1.7848,0.5852,2.8072,2.7697,5.5007
"715","stepsister",0.4304,0.1092,0.2131,0.7648,0.6942,0.7184
"716","youngster",1.1634,-0.8762,2.2,1.7561,2.3914,2.4085
"717","bastard",-1.6264,-0.7508,0.6028,1.7856,2.1029,1.8898
"718","thug",-2.6611,0.5307,1.4778,1.6587,4.5831,4.4118
"719","streetwalker",-0.6541,-1.2196,0.07,1.8517,1.587,3.0407
"720","self_employed_worker",1.8111,1.7759,0.9156,1.7407,2.8021,2.016
"721","copycat",-1.9925,-1.1989,-0.0457,1.9098,3.1718,3.3691
"722","scholar",2.607,2.4311,-0.2896,1.3139,1.8622,3.926
"723","hispanic_woman",0.9548,0.0285,0.9104,1.5026,1.813,2.1425
"724","ninny",-1.3018,-1.9152,-0.586,1.2024,1.8932,4.1296
"725","male",1.0766,1.9868,1.02,1.9659,1.4041,1.8649
"726","queer",0.1458,-0.5236,0.9407,3.9101,2.4651,2.157
"727","warden",0.0305,2.412,0.876,2.8781,1.5654,2.5147
"728","firstborn",1.7971,1.6036,0.6818,2.1619,3.3135,3.0568
"729","companion",3.1336,2.1018,0.4046,0.8724,1.6951,2.1861
"730","stepmother",0.0593,0.3032,0.4771,1.3116,1.7075,1.205
"731","detective",1.7311,1.9721,-0.6943,1.471,1.2955,3.8314
"732","telemarketer",-1.6332,-1.6736,1.6686,2.7041,3.3196,4.5355
"733","kid",1.1832,-1.4646,2.445,1.6493,2.2256,1.7689
"734","catholic",0.5275,0.5143,-0.1671,2.3971,1.9263,2.0629
"735","senior_citizen",1.6254,-0.7865,-1.8571,2.0263,2.8959,2.1705
"736","troublemaker",-2.24,0.7218,2.325,2.0785,3.7762,2.3219
"737","drunk",-1.4782,-1.16,1.6407,2.8581,4.3384,4.1681
"738","saint",3.0889,2.7654,-1.1014,1.5861,1.4964,3.1849
"739","district_attorney",1.02,2.5321,1.0847,1.6141,1.7406,2.5986
"740","air_force_enlistee",2.1411,1.6918,0.9164,1.8302,2.7145,2.4544
"741","blabbermouth",-1.9697,-0.0993,2.9564,2.234,4.3044,1.6163
"742","sales_clerk",0.6797,-0.0536,1.1111,0.8274,2.0232,1.8258
"743","creditor",-0.57,1.6224,0.6252,3.1856,1.7961,3.2806
"744","intimate",2.1282,1.8925,0.0225,3.0716,3.161,4.0987
"745","physicist",1.6473,1.5018,-0.3913,2.0666,2.0742,2.905
"746","night_watchman",1.595,1.2097,-1.4497,2.4007,1.9148,2.2967
"747","klutz",-0.7893,-1.3668,1.2972,1.6008,1.5443,2.7844
"748","lobby_attendant",1.1957,-0.4782,-0.2411,1.252,1.9571,2.1576
"749","bore",-1.6645,-1.14,-2.0887,1.719,2.4347,2.8125
"750","toddler",1.0368,-1.9232,1.9957,3.451,3.2826,4.5232
"751","adopted_daughter",2.0782,0.5111,0.0482,2.0528,3.1434,0.7559
"752","blonde",0.7011,0.3043,0.9539,2.132,2.1618,2.0849
"753","classmate",1.0097,0.2139,0.2618,0.9273,1.3264,0.9745
"754","evangelical_christian",0.7271,0.7319,0.8244,2.6177,1.9339,1.883
"755","jury_foreman",0.6384,1.3094,-0.0661,0.8869,1.7817,1.7074
"756","cad",-1.1683,-0.5718,0.973,1.7527,2.0274,1.8079
"757","plaintiff",0.2356,0.7098,0.2778,1.0965,2.159,1.9517
"758","passer_by",0.2835,-0.6396,-0.6292,0.6076,2.5058,2.1406
"759","house_guest",1.4654,-0.1914,0.2871,1.5459,2.8479,1.6582
"760","tramp",-2.2264,-1.4882,0.9325,2.1966,3.0396,3.8055
"761","phony",-2.9032,-1.7096,0.8714,1.1192,3.0855,3.5801
"762","economist",0.9858,1.048,0.0029,1.866,1.4237,2.4683
"763","scrooge",-2.1328,-0.1566,-0.9615,1.2847,3.8749,3.1284
"764","chiropractor",1.6317,1.2355,-0.2976,1.7476,1.9306,2.608
"765","degenerate",-1.6313,-1.3974,-0.4961,1.1418,2.5738,2.7185
"766","prisoner",-1.6893,-2.2362,-0.5907,1.3888,3.4711,3.8402
"767","aide",1.89,1.3696,0.3666,1.426,1.6362,1.8761
"768","shopper",0.6121,0.6117,0.7438,0.8381,1.1313,1.7351
"769","traitor",-2.8259,0.3038,-0.7303,2.2314,6.4432,2.9066
"770","white_supremacist",-3.2007,0.0143,1.2361,1.9233,5.4175,4.5661
"771","cleaning_woman",1.5986,-0.0521,-0.009,1.2803,2.5862,2.4678
"772","professor",1.7941,2.2759,0.3373,1.3028,1.1913,2.144
"773","kook",-0.3365,-0.1469,0.9035,0.9513,1.0895,1.6651
"774","female",1.7127,0.7734,0.8603,2.8355,4.2093,2.2785
"775","white_woman",0.8579,0.7838,0.2176,2.3821,2.1413,1.6441
"776","blood_donor",3.0362,2.2142,-0.3683,0.9741,1.1822,1.6474
"777","cabinet_maker",1.046,0.627,0.2723,0.8616,1.6909,1.9126
"778","elementary_school_student",1.2411,-0.913,2.199,1.4494,3.294,1.8278
"779","teacher",2.4817,2.1914,0.4372,1.5251,2.0595,2.6793
"780","expert",1.9231,2.6921,0.5193,1.5276,1.1938,2.8957
"781","hermit",-0.1082,-1.4661,-2.3689,1.2794,3.0446,1.6913
"782","underachiever",-1.6148,-1.7597,-1.63,1.944,2.6709,1.8515
"783","asian_american",1.0738,0.8114,-0.01,1.8949,1.5876,1.7475
"784","snob",-2.2604,-0.28,0.6886,1.3544,3.4738,3.7835
"785","fellow",1.3081,0.5127,-0.0477,1.1085,1.6109,1.405
"786","buddy",2.6314,1.9107,1.0652,1.1176,1.7374,1.7026
"787","wage_earner",1.6414,1.0936,0.0621,1.1491,1.9985,1.6386
"788","server",1.751,-0.1317,0.7893,1.3043,2.6095,2.8069
"789","superordinate",0.2794,0.5714,0.1463,0.8402,3.4487,1.5907
"790","junkie",-1.9126,-1.913,-0.2519,2.0008,3.0512,4.3738
"791","son",1.5333,1.3077,0.7561,1.7464,1.7727,1.8437
"792","inmate",-1.6386,-1.4154,0.0523,1.4646,4.5081,3.7714
"793","vip",0.9972,2.2583,1.4644,1.1945,1.5756,1.5714
"794","widow",-0.0314,-0.6235,-1.3093,0.8217,1.3866,1.079
"795","usher",1.4397,0.726,-0.5347,1.3456,1.0989,2.0359
"796","partner",2.179,1.58,0.5431,1.4762,1.6469,1.3258
"797","shoe_repairman",1.3872,0.0441,-0.3021,1.3071,1.9126,1.1383
"798","methodist",1.3109,0.566,0.0421,1.2549,0.9414,0.8356
"799","psychopath",-2.2779,0.5914,0.899,2.1622,3.8121,3.851
"800","opportunist",1.4058,1.9907,1.8017,2.3644,1.7618,1.6752
"801","real_estate_agent",0.8621,1.1552,1.1962,0.8732,0.943,1.9151
"802","millionaire",0.4514,2.5055,1.1807,1.9622,1.6619,2.0675
"803","consultant",1.6122,1.5857,0.8182,1.6991,1.4436,2.7698
"804","college_student",1.7768,0.4036,1.8086,1.8213,3.4486,2.0715
"805","hunk",0.8218,1.5131,0.9975,1.7082,1.3581,1.5034
"806","plumber",1.3927,0.2829,-0.1243,1.2112,1.5135,1.277
"807","specialist",2.0546,2.0736,0.4725,1.28,1.3757,1.659
"808","student_teacher",1.7311,0.2089,0.3489,1.1759,2.013,2.37
"809","collaborator",1.4229,1.3407,0.7621,1.9897,1.4929,1.6363
"810","ally",2.4325,2.2261,-0.2443,2.9661,2.2739,2.49
"811","bouncer",0.6075,2.3261,0.7443,1.7147,1.0271,3.1794
"812","robber",-3.1093,0.5239,0.0997,1.0971,5.135,6.2105
"813","salesperson",0.1875,0.3471,2.3525,2.6518,2.1041,1.6008
"814","cheat",-3.0261,-0.5768,-0.1389,1.2557,6.1376,6.4554
"815","bohemian",0.785,0.188,0.127,1.403,2.0348,3.0015
"816","attorney",1.1604,2.4553,1.6183,1.8691,1.2252,2.3335
"817","adopted_child",1.9513,0.0225,0.0454,2.1446,3.2518,2.5369
"818","cheerleader",1.0797,0.0939,3.0475,2.6198,3.8704,1.0566
"819","surgeon",3.0857,3.1389,-0.1339,0.7192,0.8985,6.5608
"820","hypochondriac",-1.4052,-1.7105,0.3624,1.2987,1.4112,4.0047
"821","single_parent",0.9439,1.2057,0.6453,2.4889,3.1982,2.9093
"822","hispanic_american",1.0761,-0.0279,0.3529,1.511,1.673,1.9442
"823","flirt",0.6061,0.9618,1.5915,2.2922,1.6267,1.7259
"824","marine_corps_officer",2.0036,2.6504,2.0068,2.8291,1.9647,2.1692
"825","uncle",1.855,0.9686,0.8704,1.5855,1.3309,1.7643
"826","hostage",-1.6248,-2.9164,-1.4633,4.1858,3.0671,4.8792
"827","adult",0.9457,1.895,0.3336,1.6857,1.2242,1.9547
"828","psychiatric_patient",-0.2918,-1.4839,0.0439,1.0386,2.2931,2.7541
"829","chemist",1.6107,1.7843,-0.6268,1.4377,1.2694,3.3405
"830","principal",1.4873,2.4658,0.8673,2.1686,0.9021,1.3805
"831","interpreter",2.1557,1.9504,0.8829,1.1796,1.7279,2.5302
"832","murderer",-3.8796,1.8004,0.0061,0.8062,6.486,6.9475
"833","gunman",-2.2218,2.3789,1.2068,3.0432,3.0606,4.5534
"834","civil_engineer",1.8447,1.5771,-0.0265,1.4322,2.0981,2.8854
"835","ass",-1.4366,0.2645,1.3362,4.7078,4.7545,3.8428
"836","pastor",1.9096,2.1468,0.7711,2.8271,1.999,3.8757
"837","bailsman",0.5853,1.3542,0.4654,0.9751,1.4746,1.7091
"838","baptist",0.7343,0.6457,0.835,2.8085,1.9922,3.443
"839","veterinarian",2.7796,1.9164,0.0057,0.735,1.1405,2.867
"840","white_man",0.8302,1.6633,0.5273,1.5952,1.9208,1.3262
"841","foster_mother",2.3436,1.7107,0.2682,2.0727,2.4219,2.4484
"842","star",1.7543,2.2354,0.8507,2.495,3.4425,5.3698
"843","telephone_operator",0.2193,-0.4853,0.4679,1.7207,2.6512,3.5635
"844","landscape_architect",1.657,1.0993,-0.3363,1.3733,2.203,2.9276
"845","foreigner",1.0932,-0.6834,0.1173,1.4844,1.5463,2.3948
"846","automobile_assembler",1.0502,0.3203,0.8753,1.3895,2.3912,3.8851
"847","introvert",0.1625,-0.8582,-2.5444,1.5818,3.0649,2.5402
"848","accused",-1.5197,-1.4138,0.1314,1.7674,3.2527,3.4086
"849","tool_and_die_maker",0.8946,-0.1209,-0.2473,1.4342,2.5318,1.8137
"850","handicapped_person",0.4647,-0.8868,-1.2651,2.1492,3.3468,2.0155
"851","bitch",-2.5305,0.1827,2.2888,1.8067,5.7627,3.302
"852","mother_in_law_(maternal)",0.5597,1.4109,1.3092,2.8345,2.4888,2.2857
"853","relative",2.4121,1.58,1.1283,1.427,1.9593,2.3594
"854","gossip",-2.1431,0.9142,1.6248,1.9563,6.2545,4.8065
"855","blacksmith",1.1573,1.1312,0.922,1.616,2.3782,3.4028
"856","air_force_officer",2.2291,2.519,1.7579,2.2535,1.498,2.5701
"857","ex_wife",-1.5173,0.2421,0.9797,1.8984,3.7988,2.834
"858","pupil",1.6877,0.2007,-0.2295,1.5248,2.4101,2.3306
"859","foster_daughter",1.5752,0.06,-0.28,1.8659,2.3769,1.9972
"860","bonehead",-1.7929,-1.6989,-0.7947,1.7227,2.0366,3.7301
"861","mobster",-2.5072,2.5034,1.5842,1.7103,3.2738,4.0515
"862","bailiff",0.8949,1.6396,0.2435,2.0057,2.0458,3.1365
"863","chum",-0.7796,-1.1659,-0.7761,3.7631,3.7853,3.8407
"864","probation_officer",0.2373,1.9543,0.6776,3.1872,1.4776,1.7911
"865","weirdo",-0.6193,-0.8166,-4e-04,2.8565,2.3901,2.7616
"866","ex_husband",-1.4712,-0.4129,0.1475,1.6164,2.979,2.9825
"867","capitalist",0.6712,1.7228,1.3035,3.0068,2.3691,1.7669
"868","ship_captain",1.8288,2.5081,1.579,1.7969,1.4887,2.9367
"869","switchboard_operator",0.7178,0.4357,0.4429,1.3733,2.4818,2.7088
"870","beauty",2.3902,2.0163,0.4112,2.2314,3.3864,3.001
"871","negotiator",1.8675,2.3458,0.5641,1.6857,1.0291,3.69
"872","astronaut",2.5417,2.2642,0.7245,1.2875,2.6904,3.6759
"873","liar",-2.7126,0.2627,0.0939,1.8069,5.7199,6.3467
"874","travel_agent",1.3866,0.4317,1.099,2.0235,2.6093,2.6594
"875","cynic",-1.363,-0.3887,0.3034,2.0368,2.6018,3.818
"876","ophthalmologist",1.6353,1.5195,-0.1705,1.7361,1.6383,2.4025
"877","insider",0.7396,2.0966,-0.4662,1.9524,1.8124,4.3712
"878","winner",2.7268,2.8614,2.1464,1.6859,1.3281,2.2411
"879","organizer",2.2875,1.5566,0.6132,1.3612,2.9575,4.13
"880","half_sister",0.6669,0.1893,0.4786,1.9002,1.67,1.6576
"881","racist",-3.6078,-0.7658,1.4783,1.2354,8.1928,6.0472
"882","sophomore",0.8234,-0.1431,0.599,1.8822,1.7778,1.8669
"883","confidant",2.3491,2.484,-0.5167,2.796,1.6127,3.6416
"884","pimp",-2.9249,2.0453,1.7265,1.4033,4.0853,4.4974
"885","undergraduate",1.6486,-0.0114,1.1282,1.8094,4.5874,2.5404
"886","mother_in_law",1.0535,1.3225,1.382,2.9955,2.8744,2.087
"887","malcontent",-1.627,-0.1805,0.3705,2.0473,3.1609,2.8065
"888","asian_woman",0.9535,0.2192,-0.422,2.6795,4.2734,3.5326
"889","teammate",2.8053,2.1192,1.6837,1.5274,1.9718,1.6982
"890","co_worker",1.3922,0.2649,0.4355,1.7817,1.9295,1.8941
"891","drunkard",-2.3851,-1.7685,1.1141,1.8025,4.1427,6.0398
"892","cook",2.0951,1.6327,1.4992,1.7977,2.7213,2.6403
"893","army_enlistee",2.5268,1.7532,1.1821,2.2907,3.869,3.2351
"894","nursing_assistant",2.3384,0.8927,0.529,1.6974,2.7734,3.8259
"895","father_in_law",1.4306,1.8045,0.1339,2.7838,1.8707,3.0168
"896","grouch",-2.4987,-1.3354,-0.46,1.5948,4.0892,5.7215
"897","shop_clerk",1.0882,-0.489,0.1175,2.097,2.2984,2.9544
"898","authority",0.738,3.0677,0.56,2.5174,1.6139,3.0627
"899","girl_scout",2.1004,-0.2576,0.6057,1.6476,3.3045,2.7519
"900","bridegroom",1.5507,1.2853,0.1093,2.4927,2.5741,2.294
"901","vigilante",0.0995,1.1,1.2537,3.0214,2.0925,2.147
"902","chinese",0.9282,0.4616,0.0792,2.3598,2.7186,2.523
"903","benefactor",2.0685,2.1634,0.0706,2.1208,1.5335,1.8046
"904","blue_collar_worker",1.34,-0.2894,0.4395,1.9465,3.1179,2.3682
"905","brain",3.4135,3.6935,2.1751,1.4856,0.9998,5.2237
"906","gal",1.9383,0.698,0.6375,1.7821,2.8252,2.1408
"907","enemy",-2.7575,1.3567,1.1306,2.5108,5.5378,5.0409
"908","black_man",1.4008,1.0674,1.0967,2.8201,3.2552,2.1776
"909","migrant_worker",0.7302,-1.0641,0.0665,1.9541,2.424,2.1447
"910","nephew",1.9263,-0.2383,1.5054,1.976,3.2335,1.99
"911","mistress",-2.3734,-0.16,0.1294,2.7716,5.6624,5.8379
"912","rake",0.9247,-0.1676,0.2851,2.1596,4.5305,4.1897
"913","hotshot",-1.02,1.1229,2.4979,1.4873,3.387,1.6993
"914","unemployed_person",-0.5886,-1.8204,-1.2237,2.0837,2.6502,2.278
"915","rookie_cop",0.0952,-0.7187,0.1461,2.6435,2.7556,3.0833
"916","peer",1.8918,0.8853,0.4151,1.6882,1.9518,1.2361
"917","bank_manager",0.989,1.911,0.1963,1.7656,2.2151,2.7728
"918","bureaucrat",-0.6813,1.3244,0.2404,2.3799,3.4979,4.1057
"919","roommate",1.3894,0.74,0.6829,2.5856,1.6742,2.5706
"920","slave",-1.7392,-2.8862,-1.3454,6.2881,4.4287,5.8792
"921","old_geezer",0.3133,-0.8693,-1.9187,2.3705,2.3184,1.9044
"922","unemployed_person",-0.5466,-1.7384,-0.9192,1.4494,2.0585,1.5886
"923","disregard",-1.4,0.65,-0.125,1.4393,2.6719,3.3445
"924","advertising_executive",0.36,2.1429,1.3286,2.0899,2.5413,2.0363
"925","public_relations_specialists",1.4945,1.7278,1.4028,0.8012,1.2676,1.6648
"926","murderess",-3.1569,1.6354,0.1661,2.1606,4.8096,5.4093
"927","grind",0.4345,1.5448,0.9965,2.2892,1.5597,3.6327
"928","pentecostal",0.45,0.2727,0.9864,0.8834,1.3357,2.3994
"929","old_man",1.6644,-0.583,-2.0712,1.6678,2.5557,1.7166
