"abandon",-2.6,0.54,0.32," 01 111111110 000"
"abuse",-2.86,1.19,1.24," 10 101000011 100"
"acclaim",1.02,1.16,0.36," 10 000100000 010"
"accommodate",1.48,0.57,-0.17," 10 111111111 000"
"accuse",-0.58,0.54,0.76," 10 111111111 010"
"address",0.8,0.33,-0.28," 10 111111110 010"
"admire",1.39,0.86,0.29," 01 111111111 100"
"admonish",-0.09,0.8,-0.49," 10 011111111 000"
"adopt",2,1.64,0.25," 10 000000010 010"
"adore",1.66,1.78,0.54," 01 000000111 000"
"advise",1.38,1.16,-0.66," 10 011111110 000"
"affront",-0.14,0.83,0.85," 01 111111111 000"
"aggravate",-1.29,0.29,1.29," 01 111111111 100"
"agitate",-1.06,0.56,1.11," 01 111111111 100"
"agree_with",0.55,0.34,-0.58," 10 111111111 000"
"aid",2.39,1.51,0.03," 10 111111111 000"
"alert",1.31,1.08,0.78," 10 010101000 000"
"alienate",-2.13,0.98,0.21," 01 111111110 010"
"amaze",0.85,0.94,0.89," 01 111111111 000"
"amuse",1.9,1.31,1.22," 11 111111111 100"
"analyze",0.18,0.72,0.02," 10 011111110 100"
"anger",-1.85,1.32,1.29," 01 111111111 000"
"annihilate",-2.01,1.43,0.68," 10 000100000 001"
"annoy",-1.65,0.29,0.96," 01 111111111 000"
"answer",1.25,0.65,0.03," 10 111111111 000"
"antagonize",-1.52,0.66,1.13," 01 111111111 000"
"ape",-0.9,-0.21,1.26," 01 100000000 010"
"apologize_to",1.76,1.43,0.06," 10 111111111 000"
"appeal_to",1.07,0.25,0.25," 10 111111111 000"
"appease",0.65,0.73,0.6," 10 011110110 000"
"applaud",0.98,0.74,1.11," 10 111111111 010"
"appoint",0.71,2.13,0.46," 10 000100000 010"
"appreciate",2.51,1.2,-0.35," 01 111111101 000"
"apprehend",-0.04,1.21,1.15," 10 001000000 001"
"approach",0.53,1.12,0.3," 10 111111111 010"
"approve_of",1.7,1.08,-0.18," 01 111111111 100"
"argue_with",-0.46,0.87,1.35," 10 111111111 000"
"arm",-0.81,0.58,0.93," 10 001100000 110"
"arouse",0.9,1.24,1.56," 01 000000001 101"
"arrest",-0.1,2.02,0.92," 10 001000000 001"
"ask",0.99,0.84,0.33," 10 111111111 000"
"ask_about",0.73,0.48,0.18," 01 111111111 010"
"assail",-0.74,0.85,1.28," 10 001100110 001"
"assault",-2.64,1.25,1.03," 10 001000000 001"
"assist",1.83,1.63,0.15," 10 111111111 000"
"astonish",0.28,0.47,0.83," 01 111111111 000"
"astound",0.36,0.86,1.03," 01 111111111 000"
"attack",-2.57,1.52,1.95," 10 001100010 001"
"authorize",0.42,1.69,0.32," 10 011111100 010"
"avoid",-0.86,-0.58,0.2," 01 111111110 010"
"awaken",0.2,0.48,0.92," 10 100000000 000"
"awe",0.72,1.21,0.8," 01 111111111 000"
"baby",0.16,0.54,-0.75," 10 000000010 100"
"back",1.25,1.3,0.19," 10 010100000 010"
"badger",-1.66,0.07,1.24," 10 111111111 100"
"bait",-1.4,0.99,1.07," 01 111100100 000"
"bamboozle",-0.79,0.55,0.88," 01 111100100 000"
"baptize",1.34,1.38,-0.59," 10 000000100 000"
"bawl_out",-1.2,1.13,1.19," 10 111111111 000"
"beckon",0.18,0.49,0.03," 10 100000011 010"
"bed",0.61,1.72,1.73," 10 000000001 000"
"befriend",1.22,0.97,0.24," 01 100100000 000"
"befuddle",-0.43,0.25,0.56," 01 111111111 100"
"beg",-1.17,-0.93,-0.36," 10 111111111 000"
"believe",1.41,1.18,-0.14," 01 111111111 000"
"belittle",-1.89,0.49,0.72," 10 111111111 100"
"berate",-1.07,-0.12,0.33," 10 111111111 100"
"beseech",-0.33,-0.18,-0.51," 10 111111111 000"
"betray",-2.63,0.12,0.68," 01 001100111 010"
"bewilder",-0.54,1.3,1.46," 01 111111111 000"
"bewitch",-0.6,0.73,0.28," 01 000000101 000"
"bias",-1.86,0.49,-0.09," 01 000100000 010"
"bill",-0.34,1.05,0.29," 10 010000000 010"
"bind",-1.47,0.66,0.46," 10 001000001 001"
"blackmail",-2.86,1.24,0.62," 10 011100000 010"
"blame",-0.94,0.14,0.6," 10 111111111 010"
"bless",2.01,1.13,-0.83," 10 000000100 000"
"bluff",-0.78,0.21,1.02," 01 111100010 000"
"boss",-1.21,1.29,1.65," 10 110101011 000"
"bother",-1.28,0.02,1.33," 01 111111111 000"
"bribe",-1.79,-0.25,0.57," 10 011100000 110"
"brief",0.69,1.09,0.72," 10 011101000 000"
"browbeat",-1.63,0.15,0.33," 10 111111111 000"
"bully",-2.06,0.53,1.56," 10 100100011 001"
"bury",-0.03,0.19,-1.16," 10 000100100 000"
"butter_up",-0.33,0.4,0.86," 01 111111111 000"
"cajole",-0.08,0.21,0.96," 10 111111111 000"
"call",1.01,0.6,1.03," 10 111111111 010"
"calm",1.88,1.56,-0.96," 01 111111111 100"
"captivate",0.47,1.65,0.89," 01 110111111 000"
"capture",-0.68,1.93,1.58," 10 001100000 011"
"caress",1.96,1.42,0.37," 10 000000011 001"
"catch",-0.09,0.97,0.99," 10 001000001 001"
"caution",0.96,1.06,-0.28," 10 111111111 100"
"challenge",0.32,1.26,1.13," 10 111111111 100"
"charm",0.92,1.12,0.55," 01 111111111 000"
"chase",-0.45,0.33,1.2," 10 001000001 000"
"chatter_to",0.22,-0.59,1.5," 10 111111111 100"
"cheat",-2.61,0.07,0.09," 01 011100000 000"
"cheer",2,1.46,0.42," 10 111111111 110"
"chide",-1.04,0.25,0.76," 10 111111111 000"
"classify",-1.12,0.15,0.16," 01 011111100 000"
"club",-2.6,1.3,1.48," 10 001000000 001"
"coach",1.6,1.58,0.68," 10 011111111 010"
"coax",0.03,0.67,-0.04," 01 111111111 100"
"coddle",0.1,0.48,-0.41," 11 000001011 100"
"coerce",-1.23,1.43,0.89," 10 111111111 000"
"combat",-1.37,1.08,1.69," 10 001100000 000"
"comfort",2.4,1.1,-0.5," 11 111111111 100"
"command",-0.36,1.76,0.99," 10 011111111 000"
"commend",1.5,1.16,-0.24," 10 011111111 010"
"compliment",1.72,0.8,0.42," 10 111111111 000"
"con",-1.85,0.81,1.31," 01 011111111 000"
"condemn",-1.96,0.11,0.32," 10 001100000 110"
"confide_in",1.13,0.56,-0.2," 10 000111111 000"
"confide_in",1.99,0.68,0.2," 10 000111111 000"
"confine",-1.36,1.64,0.44," 10 001101010 001"
"confound",-0.81,0.77,0.54," 01 111111111 000"
"confront",0.38,0.95,0.69," 10 111111111 100"
"confuse",-0.74,0.4,1.1," 01 111111111 100"
"congratulate",2.03,1.08,0.25," 10 111111111 100"
"consider",1.08,0.73,-0.19," 01 111111111 010"
"console",1.9,1.33,-0.99," 10 111111111 100"
"constrain",-0.75,1.02,0.82," 10 001001011 101"
"consult",1.26,0.56,0.01," 10 111111111 000"
"consult",1.05,0.38,0.17," 10 111111111 000"
"contemplate",0.64,0.2,-0.89," 01 100111000 100"
"contradict",-0.4,0.56,1.01," 10 111111111 110"
"control",-1.14,1.42,0.46," 01 011100010 100"
"convert",0.39,1.72,0.54," 01 000100100 010"
"convict",-0.55,1.61,-0.18," 10 001000000 010"
"convince",0.4,1.72,0.16," 01 111111111 100"
"corner",-0.93,0.58,1.32," 01 001000000 000"
"correct",0.57,0.66,0.24," 10 111111111 100"
"corrupt",-2.49,2,1.23," 01 011111111 000"
"counsel",1.61,1.46,-0.53," 10 011111111 000"
"court",1.79,0.9,0.69," 01 100000001 010"
"criticize",-0.34,0.48,0.48," 10 111111111 100"
"cross_examine",-0.69,1.23,0.53," 10 001000000 010"
"cuddle",1.75,0.96,-0.75," 10 000000011 001"
"cue",0.53,0.36,0.04," 10 111111111 010"
"cure",2.29,2.48,0.02," 10 000001000 100"
"curse",-1.96,0.02,1.36," 10 111111111 100"
"curse",-1.96,-0.14,1.27," 10 111111111 100"
"cuss",-1.43,0.67,1.42," 10 111111111 100"
"damn",-2.37,0.6,0.77," 10 100000100 000"
"dance_with",1.8,1.25,1.66," 10 100000111 011"
"dare",-0.59,0.75,2.2," 10 100100001 100"
"dazzle",1.06,1.22,2.04," 01 111111111 000"
"debate_with",0.5,1.26,1.65," 10 111111110 000"
"deceive",-2.19,0.17,-0.1," 01 111111111 000"
"defend",1.74,0.42,0.01," 10 111111111 110"
"defile",-1.8,0.93,0.7," 10 000000001 111"
"deflate",-1.43,0.28,0.82," 01 111111111 000"
"defy",-1.03,0.8,1.26," 10 011111110 000"
"degrade",-2.3,0.23,0.55," 11 111111111 110"
"delay",-0.91,0.3,-0.3," 01 011111110 000"
"delight",2.44,1.74,1.25," 01 111111111 100"
"delude",-1.23,0.5,0.04," 01 111111111 000"
"demean",-1.71,0.6,0.32," 10 111111111 100"
"demoralize",-2.23,0.8,0.37," 01 111110010 000"
"denounce",-1.01,0.9,0.26," 10 111111111 010"
"deprave",-1.84,0.37,0.42," 01 000000001 000"
"deprecate",-1.24,-0.32,0.52," 10 111111111 100"
"deprive",-2.17,0.24,0.47," 01 011111110 100"
"deride",-1.35,-0.04,0.67," 10 111111111 010"
"desert",-2.2,-0.1,0.63," 01 110100010 010"
"desire",1.03,0.69,1.28," 01 000000001 000"
"desire_sexually",1.34,0.77,1.05," 11 000000001 011"
"despise",-2,0.01,0.29," 01 111111111 100"
"destroy",-3.04,1.55,0.64," 10 010111110 010"
"detain",-0.59,0.86,0.73," 10 011111111 001"
"deter",-0.78,0.65,0.45," 01 011111111 000"
"detest",-1.91,0.21,0.25," 01 111111111 000"
"direct",0.89,1.36,-0.18," 10 011111111 000"
"disable",-3.24,0.87,0.85," 10 001001000 001"
"disagree_with",0.3,0.76,0.98," 10 111111111 000"
"disappoint",-1.55,0.27,0.38," 01 111111111 100"
"disbelieve",-0.66,0.14,-0.14," 01 111111111 000"
"discipline",0.18,1.28,-0.27," 10 011111111 100"
"disconcert",-1,0.34,0.5," 01 111111111 000"
"discourage",-1.15,0.54,0.3," 10 111111111 100"
"discredit",-2.16,0.94,0.59," 10 111111111 010"
"discriminate_against",-2.75,0.81,0.15," 01 011111111 010"
"disenchant",-1.01,0.3,0.3," 01 111111111 100"
"disgrace",-1.93,0.62,0.95," 01 111111111 010"
"disillusion",-1.71,0.65,0.47," 01 111111111 000"
"dislike",-1.05,0,0.48," 01 111111111 100"
"disobey",-0.98,0.2,1.4," 10 011111111 000"
"displease",-1.41,0.03,0.24," 01 111111111 100"
"disregard",-1.5,0.54,0.46," 01 111111111 010"
"disrespect",-1.94,0.16,1.04," 01 111111111 100"
"dissuade",0.26,1.55,0.18," 01 111111111 000"
"distress",-1.41,0.08,0.58," 01 111111111 100"
"distrust",-1.17,0.07,0," 01 111111111 100"
"disturb",-1.07,0.24,1.03," 01 111111111 010"
"divert",-0.37,0.8,0.53," 10 111111111 110"
"divorce",-0.84,0.16,0.72," 10 000000001 010"
"dog",-1.13,0.68,1.01," 10 111111111 000"
"dominate",-1.15,2.04,0.74," 01 111111111 000"
"dope",-2.19,0.35,0.82," 01 001001000 100"
"double_cross",-2.72,0.69,0.59," 01 111111111 010"
"doubt",-0.69,0.01,-0.08," 01 111111111 100"
"dress",0.87,0.2,-0.43," 10 000001010 101"
"drug",-2.3,0.92,0.8," 10 001001000 000"
"dupe",-1.62,0.34,0.85," 01 111111111 000"
"educate",2.07,1.95,0.24," 10 011111111 100"
"elude",-0.51,0.25,-0.23," 01 111111111 010"
"embarrass",-1.27,0.67,0.77," 01 111111111 010"
"embrace",1.93,1.1,0.49," 10 100000011 001"
"emulate",0.11,0.01,0.57," 01 111111111 010"
"encourage",2.21,1.75,-0.5," 10 111111111 100"
"endanger",-2.57,0.14,0.55," 01 101001000 100"
"endure",0.41,1.09,-0.23," 01 111111111 000"
"engage",0.58,0.73,0.38," 10 111111111 010"
"enjoy",2.52,1.24,0.57," 01 111111111 100"
"enrage",-1.58,0.71,1.33," 01 111111111 100"
"enrapture",0.54,1.17,0.84," 01 111111111 000"
"enslave",-2.66,1.81,0.58," 10 000100000 001"
"ensnare",-1.01,1.48,1.01," 01 010100000 000"
"entertain",1.59,1.18,1.18," 01 110110011 100"
"enthrall",0.8,1.22,0.62," 01 100110111 100"
"entice",0.06,1.02,1.8," 01 111111011 100"
"entrap",-1.86,1.57,1.33," 01 001100000 000"
"entreat",0.27,0.53,0.48," 10 100100011 000"
"envy",-1.52,-0.63,0.73," 01 111111111 010"
"escape",-0.48,0.46,1.33," 10 101100001 000"
"esteem",1.41,1.4,-0.02," 01 111111111 100"
"evade",-0.9,-0.02,0.18," 01 001000000 000"
"evaluate",0.04,0.46,-0.03," 01 111111111 100"
"evict",-1.47,1.6,0.42," 10 011000000 000"
"exalt",0.55,0.89,0.8," 10 110110101 100"
"examine",0.22,0.56,0.41," 10 100001011 100"
"excite",0.92,1.45,1.48," 01 100000011 101"
"exclude",-2.01,0.92,0.93," 10 100100001 010"
"excuse",1.5,0.75,-0.56," 10 111111111 000"
"execute",-2.47,2.73,0.79," 10 001000000 001"
"exhaust",-0.78,0.88,1.01," 01 110000011 100"
"exhibit",-1.06,0.57,1.05," 10 001100011 010"
"exonerate",0.49,1.52,-0.27," 10 101100111 010"
"experience",1.04,1,0.21," 01 100010101 000"
"explain",1.69,1.31,-0.47," 10 100100111 010"
"exploit",-1.95,1.38,0.64," 01 110100011 000"
"expose",-1.13,0.87,1.04," 10 011110101 010"
"extol",0.79,0.41,0.32," 10 111111111 010"
"eye",0.03,0.51,0.86," 10 100001011 000"
"face",1.01,0.97,0.77," 10 111010011 000"
"favor",0.42,0.29,0.09," 01 100110011 010"
"fear",-1.47,-0.17,-0.16," 01 111111111 000"
"feed",1.51,1.56,0.18," 10 100001010 101"
"fight",-1.7,0.68,1.13," 10 101100011 001"
"fine",-0.65,0.8,0.21," 10 001000010 000"
"fix",-1.38,0.56,0.75," 01 111100011 000"
"flail",-1.43,1.21,1.35," 10 001000011 001"
"flatter",0.93,0.13,0.24," 10 111111111 000"
"flee",-0.13,-0.18,1.01," 10 101100011 000"
"flunk",-0.69,0.72,0.02," 10 000010000 000"
"fluster",-0.83,0.19,0.84," 01 111111111 000"
"foil",-1.49,0.62,1.36," 01 001100000 010"
"follow",-0.02,0.13,0.14," 10 101000011 000"
"fondle",1.01,0.92,0.35," 10 000000011 101"
"fool",-0.96,0.18,0.64," 01 111100011 000"
"force",-1.25,1.03,0.99," 10 001100011 100"
"forget",-1.23,-0.4,0.18," 01 100011011 010"
"forgive",2.41,2.54,-0.52," 01 100000111 100"
"forsake",-1.24,0.62,0.17," 01 100100110 000"
"fox",-0.77,0.62,1.61," 01 111100011 000"
"frame",-2.46,1.81,1.3," 01 011100000 010"
"freak_out",-0.75,0.45,1.54," 01 100000001 000"
"frighten",-1.43,0.94,1.31," 01 101000111 100"
"frisk",-0.65,1.19,1.01," 10 001000000 001"
"frustrate",-1.44,0.71,0.73," 01 101100011 100"
"glorify",1.08,1.32,0.38," 10 000100100 010"
"goad",-0.78,0.36,0.97," 01 100100011 000"
"govern",-0.32,1.57,0.22," 10 000100000 010"
"grab",-0.71,1.94,1.85," 10 101001011 001"
"gratify",1.25,0.94,-0.15," 01 100100011 100"
"greet",1.36,1,0.34," 10 111111110 000"
"grieve_for",0.82,-0.09,-0.35," 01 000000110 000"
"guard",1.02,1.98,0.53," 10 001100000 010"
"guide",1.59,1.32,-0.08," 10 111111111 000"
"gyp",-2.06,0.13,0.54," 01 010000000 000"
"hail",0.45,0.5,0.45," 10 100100010 000"
"halt",0.03,0.69,0.78," 10 001000001 110"
"handcuff",-0.96,1.71,0.97," 10 001000000 001"
"harangue",-0.94,0.78,1.43," 10 111111111 000"
"harass",-1.98,-0.02,1.3," 10 101100011 000"
"harm",-2.67,1.55,0.7," 10 101101011 100"
"hassle",-1.64,0.55,1.09," 10 101100011 000"
"hate",-2.77,0.09,0.77," 01 100100000 100"
"haunt",-1.4,0.67,0.57," 01 100000000 010"
"haze",-1.51,0.24,0.36," 10 100010100 000"
"heal",1.93,1.42,0.18," 10 000001110 100"
"heckle",-1.18,-0.31,1.28," 10 000100110 000"
"help",2.33,1.49,0.13," 10 111111111 100"
"hide",-0.13,0.6,0.61," 01 001000001 110"
"hide_from",-0.54,-0.42,0.29," 01 101100000 010"
"hinder",-1.56,0.45,0.56," 01 111100000 010"
"hire",1.11,1.78,0.1," 10 010000000 000"
"hit",-1.89,0.37,1.46," 10 101000011 101"
"honor",1.7,0.97,-0.1," 10 011110110 010"
"hoodwink",-1.18,0.58,0.88," 01 111100000 000"
"horrify",-1.8,0.7,1.64," 01 100100011 100"
"hound",-1.12,0.17,0.82," 10 111111111 000"
"hug",2.15,1.31,0.31," 10 100000011 001"
"humble",0.01,0.6,-0.54," 01 111111111 000"
"humiliate",-2.28,0.35,1.22," 01 111111111 000"
"humor",0.55,0.83,0.46," 01 111111111 000"
"hurry",-0.41,0.84,1.98," 10 110011011 100"
"hurt",-2.44,0.56,0.7," 10 101001011 101"
"hush",-0.45,0.84,0.19," 10 111111111 010"
"hustle",-1.4,0.76,1.49," 01 011100100 000"
"hypnotize",-0.02,1.27,0.12," 10 000001000 000"
"idealize",0.59,-0.03,0.49," 01 100100111 000"
"idolize",0.17,-0.28,0.35," 01 100000111 000"
"ignore",-1.82,-0.22,0.23," 11 100100011 010"
"imitate",-0.13,-0.01,0.73," 10 110000011 000"
"impede",-0.71,0.64,1.02," 10 011000010 000"
"implore",-0.22,0.31,0.03," 10 100100111 000"
"imprison",-1.12,1.5,0.7," 10 001000000 010"
"incite",-0.35,0.96,1.29," 01 000100100 010"
"incriminate",-1.33,0.68,0.64," 10 001000000 010"
"indoctrinate",-0.41,1.07,0.35," 10 000100111 000"
"indulge",0.3,0.69,0.16," 01 100000011 100"
"influence",0.45,1.16,0.75," 01 111111111 000"
"inform",1.19,1.38,0.37," 10 111111111 100"
"infuriate",-1.31,0.22,1.05," 01 111111111 000"
"initiate",0.8,1.11,0.94," 10 100010101 000"
"injure",-2.5,1.06,1.1," 10 101001011 101"
"inspect",-0.23,0.6,0.23," 10 001111011 100"
"inspire",1.82,1.62,0.09," 01 100110110 000"
"instruct",1.54,1.16,0.07," 10 011111111 000"
"insult",-2.09,0.28,0.85," 10 111111111 000"
"interest",1.78,1.52,0.56," 01 110110111 100"
"interrogate",-0.74,1.34,0.44," 10 001000000 000"
"interrupt",-1.02,0.18,1.81," 10 111111111 100"
"interview",0.44,0.96,0.03," 10 011011000 000"
"intimidate",-2.17,1.58,0.54," 01 101100011 000"
"invite",1.35,0.65,0.03," 10 110010111 010"
"irritate",-1.63,0.38,1.04," 01 111111111 100"
"jeer",-1.57,0.1,1.23," 10 100100001 000"
"jest",-0.18,-0.09,0.92," 10 111111111 000"
"joggle",-0.42,1.1,1.63," 10 100001011 001"
"join",1.27,0.98,0.45," 10 100100001 010"
"jolt",-0.85,1.11,1.27," 01 100100001 000"
"josh",0.14,0.28,1.3," 10 111111111 000"
"jostle",-0.43,0.63,1.4," 10 101000011 000"
"judge",-0.79,0.83,0.15," 01 111111111 100"
"kick",-2.55,0.61,0.94," 10 001000000 001"
"kid",-0.04,0.35,0.68," 10 100100011 000"
"kill",-3.8,2,0.88," 10 001100000 101"
"kiss",2.06,0.9,-0.08," 10 000000011 001"
"laud",0.56,0.58,0.09," 10 111111111 110"
"laugh_at",-1.64,-0.56,1.72," 10 111111111 100"
"laugh_with",2.21,0.47,0.81," 10 111111111 000"
"lead",0.92,1.15,0.14," 10 100100011 000"
"leave",-1.06,0.25,0.46," 10 111111111 010"
"lie_to",-2.39,-0.07,0.71," 01 111100011 000"
"like",2.48,1.06,0.39," 01 111111111 100"
"listen_to",1.84,1.14,-0.33," 10 111111111 000"
"loathe",-2.22,-0.06,0.3," 01 111111111 100"
"look_at",0.78,0.5,0.2," 10 111111111 100"
"love",2.89,2.67,0.48," 01 100000011 000"
"lull",0.2,0.84,-0.88," 01 111101011 000"
"lure",-0.26,0.75,0.78," 01 111100001 000"
"mace",-1.44,0.2,1.32," 10 001000000 001"
"make_love_to",2.58,1.61,0.23," 10 000000001 001"
"malign",-2.12,0.65,1.35," 10 111111111 010"
"manipulate",-1.47,1.5,0.95," 01 111111111 100"
"marry",2.06,1.31,0.62," 10 000000001 010"
"massage",1.59,0.53,-0.04," 10 110001011 101"
"master",-1.23,1.93,0.69," 01 001100001 000"
"medicate",0.85,0.88,0.22," 10 000001010 100"
"menace",-2.07,0.84,1.4," 01 101100000 000"
"mimic",-0.89,0.1,1.73," 10 110010010 010"
"misinform",-1.48,0.29,0.32," 01 110100010 000"
"misjudge",-1.26,-0.15,-0.09," 01 111111111 000"
"mislead",-1.75,0.2,0.76," 01 111101110 000"
"miss",0.6,0.21,-0.12," 01 100000010 010"
"misunderstand",-0.97,0.36,0.14," 01 111111111 000"
"mock",-1.57,-0.1,1.01," 10 100100011 000"
"molest",-3.3,1.35,1.32," 10 000000001 001"
"monitor",-0.38,0.84,-0.17," 10 011111110 110"
"monopolize",-1.52,2.17,0.94," 01 110110111 010"
"mortify",-1.62,1.16,1.25," 01 111111111 000"
"mother",1.03,0.8,-1.11," 10 000001010 001"
"mug",-1.64,1.64,1.99," 10 101000000 001"
"murder",-3.41,0.81,0.85," 10 101000000 011"
"nab",-1.05,0.55,1.32," 10 001000000 001"
"nag",-1.54,-0.17,0.59," 10 100000011 000"
"nail",-1.45,1.42,0.99," 10 001000000 001"
"need",1.72,0.55,0.18," 01 100000011 010"
"needle",-1.33,0.78,0.74," 10 111111111 000"
"neglect",-2.42,-0.07,0.09," 01 111111111 110"
"negotiate_with",1.07,1.56,0.34," 10 111111111 000"
"nestle",1.49,1.17,-0.37," 10 000000011 001"
"notice",1.14,0.49,0.51," 01 111111111 010"
"nudge",0.11,-0.17,0.1," 10 111111111 001"
"nuzzle",0.74,0.12,0.1," 10 000000011 001"
"obey",1,0.48,-0.2," 10 111111111 000"
"oblige",0.92,0.98,0.02," 01 111111111 000"
"observe",0.55,0.21,-0.6," 10 111111111 100"
"obstruct",-1.09,1.13,0.77," 10 111111111 011"
"offend",-1.93,0.31,1.14," 01 111111111 000"
"ogle",-0.3,-0.07,0.68," 10 000000001 000"
"oppose",-0.17,0.68,0.6," 10 111111111 010"
"oppress",-2.26,1.21,0.3," 01 000100010 000"
"order",-0.33,0.7,0.19," 10 111111111 000"
"ostracize",-1.39,0.36,0.68," 01 100100110 010"
"outdo",-0.17,1.5,1.43," 01 110110010 010"
"outrage",-1.36,0.52,0.78," 01 111111111 000"
"outwit",-0.14,1.14,0.92," 01 111111111 000"
"overhear",-0.5,0.02,0.25," 01 011100010 010"
"overlook",-1.09,0.46,1.06," 01 011111110 010"
"overrate",-0.41,0.14,0.65," 01 111110000 000"
"overwhelm",0.16,1.57,0.93," 10 101101011 001"
"overwork",-1.4,0.93,0.5," 01 010110010 100"
"pacify",0.75,0.5,-0.21," 01 111111111 000"
"pamper",0.07,0.01,-0.8," 10 110001011 100"
"parody",-0.18,0.11,1.17," 10 111111111 010"
"pass",0.03,0.27,0.83," 10 100000000 010"
"patronize",0.16,0.62,-0.01," 01 111111111 000"
"pay",0.66,0.93,0.23," 10 010000000 000"
"pay_for",0.77,0.51,-0.04," 10 110000010 100"
"peek_at",-0.75,-0.14,0.16," 10 100000011 000"
"penalize",-0.4,0.99,0.3," 10 010110010 000"
"persecute",-2,1.17,0.88," 01 001100100 000"
"persuade",0.22,1.65,0.19," 01 111111111 100"
"pervert",-1.71,0.71,1.08," 01 000000001 001"
"pester",-1.42,-0.01,1.28," 10 110000011 010"
"pet",0.89,0.61,-0.17," 10 000000011 001"
"placate",0.32,0.39,-1.08," 01 111111111 000"
"play_with",1.2,0.51,1.22," 10 100000011 100"
"please",2.06,1.05,0.21," 01 111111111 100"
"plot_against",-2.26,0.56,0.68," 01 100100000 010"
"poison",-3.24,0.3,0.03," 01 101001010 100"
"pooh_pooh",-0.96,0.2,0.52," 10 111111111 000"
"praise",1.31,1.04,0.04," 10 111111111 000"
"pray_for",2.28,2.15,-0.5," 01 000000100 100"
"prod",-0.59,0.31,0.63," 10 101001011 101"
"prompt",0.04,0.57,0.21," 10 111111111 010"
"prosecute",-0.74,0.87,0.52," 10 001000000 010"
"protect",1.72,1.98,0.13," 10 101101010 010"
"provoke",-1.3,0.67,1.26," 01 111111111 000"
"psychoanalyze",0.01,0.79,-0.23," 10 000001000 100"
"punch",-1.85,0.73,1.44," 10 101000000 001"
"punish",-0.67,1.18,0.26," 10 111111111 100"
"pursue",-0.2,0.72,0.89," 10 001101001 000"
"push",-1.34,0.33,1.88," 10 101000010 001"
"quarrel_with",-1.06,0.04,1.33," 10 111111111 000"
"query",0.09,0.63,0.32," 10 111111111 000"
"question",0.22,0.42,0.53," 10 111111111 000"
"quiet",0.05,0.91,0.15," 10 111111111 000"
"quiz",0.14,0.67,0.39," 10 111111111 000"
"radicalize",-0.34,1.1,1.56," 01 000100100 000"
"rally",0.45,0.65,1.27," 01 100111111 100"
"rankle",-0.81,0.68,0.5," 01 111111111 000"
"rape",-3.53,1.11,1.56," 10 100000001 001"
"rattle",-0.97,0.51,0.84," 01 111111111 000"
"ravish",-1.14,1.53,1.14," 10 000000001 001"
"reassure",1.79,1.68,-0.48," 10 111111111 100"
"rebel_against",-0.41,0.83,1.37," 01 000100010 000"
"rebuff",-1.14,1.16,0.58," 10 100100101 010"
"rebuke",-0.33,0.94,0.45," 10 111111111 000"
"reform",1.3,0.75,0," 01 101000110 100"
"refuse",-0.47,0.79,0.06," 10 111111111 000"
"regard",0.99,0.48,-0.16," 01 100100000 000"
"rehabilitate",1.86,1.52,0.49," 01 001000110 000"
"reject",-2.17,0.86,0.95," 01 100100011 010"
"release",0.84,0.98,-0.51," 10 001001001 000"
"relieve",1.61,1.2,0.09," 01 111111111 100"
"relish",0.62,0.31,0.25," 01 100000001 000"
"remember",2.03,1.27,-0.51," 01 100100000 010"
"remind",0.73,0.81,-0.08," 10 111111111 100"
"renounce",-1.25,0.82,0.57," 10 100100110 010"
"repel",-1.29,0.43,0.49," 10 001100001 010"
"reprimand",-0.17,1.2,0.48," 10 111111111 000"
"reproach",-0.64,0.95,-0.05," 10 111111111 100"
"repulse",-1.72,0.27,0.48," 01 001100001 100"
"rescue",2.41,1.76,1.22," 10 101101010 010"
"respect",1.99,1.38,-0.46," 01 111111111 100"
"restrain",-0.46,0.92,0.69," 10 001001011 101"
"revere",0.77,-0.23,-0.27," 01 111111111 000"
"rib",-0.55,0.35,1.09," 10 110110011 000"
"ride",-1.44,0.23,0.84," 10 111111111 000"
"ridicule",-1.83,-0.1,0.9," 10 111111111 000"
"rile",-1.04,0.31,1.66," 01 111111111 000"
"rob",-3.01,0.93,0.69," 10 111000000 000"
"rook",-1.48,0.59,0.68," 01 010000000 000"
"rouse",-0.02,0.48,1.05," 10 100101011 100"
"rush",-0.3,0.32,1.26," 10 110011011 100"
"satisfy",1.76,1.05,0.21," 01 111111111 100"
"save",2.64,1.6,0.9," 10 101101110 100"
"scare",-1.25,0.88,1.27," 01 111111111 100"
"scold",-0.41,1.33,0.18," 10 111111111 000"
"scorn",-1.46,0.49,0.63," 01 111111111 000"
"scrutinize",-0.04,0.38,-0.16," 10 111111111 100"
"search",-0.93,1.12,0.62," 10 001000000 001"
"seduce",-0.17,0.84,0.98," 01 000000001 001"
"seize",-1.25,1.51,1.13," 10 001000000 011"
"sentence",-1.19,1.53,0.15," 10 001000000 010"
"serenade",1.03,0.47,-0.68," 10 000000011 000"
"serve",0.9,0.43,-0.21," 10 110100010 100"
"shackle",-1.78,0.13,0.93," 10 001000000 001"
"shaft",-1.96,0.53,1.25," 01 111110010 000"
"shame",-1.97,0.02,0.69," 01 111111111 000"
"shield",0.75,0.91,-0.13," 10 001100000 010"
"shock",-1.11,0.93,1.76," 01 111111111 000"
"shoot",-2.89,1.43,1.3," 10 001000000 101"
"shun",-1.26,-0.13,0.38," 01 100100111 010"
"shush",-0.23,0.6,-0.15," 10 111111111 000"
"signal",0.4,0.44,0.65," 10 011100000 010"
"silence",-0.8,1.11,-0.4," 10 111111111 000"
"sing_to",1.37,0.63,-0.12," 10 000000011 100"
"sit_next_to",1.2,0.24,-0.12," 10 111111111 000"
"slay",-3.43,0.44,1.34," 10 101000000 101"
"sleep_with",1.07,0.25,0.9," 10 000000001 001"
"slight",-1.62,0.68,0.41," 01 110100010 000"
"smile_at",2,1.44,0.24," 10 111111111 000"
"smother",-1.83,0.92,0.67," 10 101000000 001"
"snub",-1.93,0.41,0.56," 01 100100000 010"
"snuggle",2.04,1.13,-0.37," 10 000000011 001"
"sock",-2.02,2.35,2.39," 10 101000000 001"
"soft_soap",-0.07,0.21,0.43," 01 110101010 000"
"soothe",2,1.49,-1.02," 10 111111111 100"
"speak_to",1.61,0.64,0.53," 10 111111111 000"
"spoil",-0.48,0.46,0.34," 01 000000010 000"
"spoof",-0.33,0.18,1.14," 01 110110110 000"
"spook",-0.96,0.38,1.66," 01 111001100 000"
"spurn",-1.29,0.82,0.39," 01 100100101 010"
"stall",-0.98,0.67,0.29," 01 111111111 000"
"startle",-0.36,0.18,0.97," 01 111111111 000"
"steal_from",-3.39,0.5,1.06," 01 011100010 000"
"stop",0.3,1.41,0.25," 10 111111111 100"
"strangle",-2.79,1.23,0.4," 10 101000000 001"
"strip",-1.78,0.7,1.26," 10 001001001 101"
"stroke",0.82,0.28,-0.12," 10 000001011 101"
"study",0.27,-0.01,-0.38," 01 111111111 000"
"stun",-0.35,1.32,1.06," 01 111111111 000"
"stymie",-0.63,0.16,0.43," 01 001100010 010"
"subdue",-0.21,0.74,-0.2," 10 001101010 001"
"subjugate",-1.03,1.04,0.96," 10 000100000 010"
"submit_to",-0.13,-0.3,-0.05," 10 001101011 000"
"sue",-0.87,1.43,1.09," 10 011000000 010"
"summon",0.11,1.19,-0.05," 10 111111111 010"
"supervise",0.36,1.18,0.27," 10 111111110 010"
"support",1.62,1.93,0.17," 10 110101010 010"
"surprise",0.79,1.02,1.42," 10 111111111 000"
"suspect",-0.97,0.03,-0.3," 01 111111111 000"
"sweet_talk",0.1,0.04,0.12," 01 111111111 000"
"swindle",-2.52,1.01,1.38," 01 010000000 000"
"tackle",-0.46,1.81,2.11," 10 001010000 001"
"talk_to",1.62,0.33,-0.17," 10 111111111 100"
"tantalize",-1.16,0.78,1.19," 01 111111111 100"
"tap",0.55,-0.09,0.17," 10 110001011 001"
"taunt",-1.42,-0.06,1.32," 10 111100111 000"
"teach",1.31,1.67,0.22," 10 111111111 100"
"tease",-0.46,0.14,1.68," 10 111111111 000"
"tempt",-0.79,0.49,0.44," 01 111111111 100"
"terrorize",-2.78,1.84,1.24," 01 001100000 100"
"test",0.03,0.56,0.05," 10 000011100 100"
"thank",2.35,2.21,-0.44," 10 111111111 000"
"threaten",-1.78,0.36,1.79," 10 111111111 000"
"thrill",1.37,1.25,1.45," 01 100000011 000"
"tickle",0.38,0.78,1.53," 10 000000011 001"
"tip",1.18,0.69,-0.05," 10 010000000 000"
"titillate",0.34,0.75,1.63," 01 000000001 000"
"toast",1.27,0.49,0.54," 10 100100010 010"
"torment",-2.6,0.58,1.16," 10 111111111 100"
"torture",-2.92,0.57,0.46," 10 001000000 101"
"train",1.14,1.57,0.75," 10 111111111 000"
"trap",-1.04,0.36,0.9," 01 011100000 000"
"treat",1.51,0.99,0.52," 10 100000011 100"
"trick",-1.29,0.65,1.34," 01 111100010 000"
"trust",2.27,1.35,-0.06," 01 111111111 100"
"underestimate",-1.05,0.14,0.27," 01 111111000 100"
"undermine",-1.85,0.73,0.06," 01 011110100 010"
"understand",1.84,0.47,0.04," 01 111111111 000"
"undress",0.63,1.08,0.25," 10 000001011 101"
"unnerve",-0.82,0.56,1.07," 01 111111111 000"
"uplift",1.62,0.94,-0.02," 01 111111111 000"
"upset",-1.2,0.4,0.98," 01 111111111 000"
"upstage",-1.08,1.06,1.29," 01 111111111 010"
"urge",0.81,1.46,0.19," 10 111111111 000"
"use",-2.31,0.63,0.69," 01 111100100 010"
"value",1.86,0.83,-0.08," 01 111111111 100"
"vanquish",-1.45,1.52,0.82," 10 000100000 010"
"vex",-1.51,0.71,0.91," 01 111111111 000"
"victimize",-2.16,0.66,0.66," 10 011000001 000"
"visit",1.73,0.72,0.26," 10 111111111 010"
"waken",0.2,0.54,0.6," 10 100001010 001"
"warn",1.49,1.2,0.58," 10 111111111 010"
"watch",0.02,0.63,-0.66," 10 111111111 000"
"welcome",1.94,0.99,0.34," 10 111111111 010"
"wheedle",-0.72,0.46,0.71," 10 111111111 000"
"whip",-2.18,0.37,0.87," 10 001000011 001"
"work",0.06,1.01,0.32," 10 010010010 100"
"worship",-0.14,-0.53,-0.7," 01 100100111 000"
"wrong",-2.41,0.31,0.49," 01 111111111 000"
"zap",-1.16,0.95,1.54," 10 001010000 001"
